number,value,datetime_start,datetime_complete,duration,params_c,params_eta,params_mu,params_rho,state
0,0.8653824570719827,2026-06-10 23:32:03.809452,2026-06-10 23:32:08.054805,0 days 00:00:04.245353,0.915387433293511,0.828985972936091,0.5736350692787126,0.2785158633816599,COMPLETE
1,0.5997166461548421,2026-06-10 23:32:08.056381,2026-06-10 23:32:08.516979,0 days 00:00:00.460598,0.11369138077847374,0.04088075102599997,0.27380977296188724,0.9484437165726882,COMPLETE
2,0.6707827722107566,2026-06-10 23:32:08.518077,2026-06-10 23:32:09.030586,0 days 00:00:00.512509,0.588191267853797,0.623155534931891,0.6949286783864272,0.20027910111426794,COMPLETE
3,0.4699330660549007,2026-06-10 23:32:09.032690,2026-06-10 23:32:09.484491,0 days 00:00:00.451801,0.5803929422742778,0.3827336180594706,0.4493971165453735,0.016037712511302815,COMPLETE
4,0.6262796076322094,2026-06-10 23:32:09.485845,2026-06-10 23:32:10.009233,0 days 00:00:00.523388,0.18149011699232265,0.5260504357198268,0.785273825723858,0.19024503723608943,COMPLETE
5,0.8130732792721271,2026-06-10 23:32:10.010683,2026-06-10 23:32:10.449607,0 days 00:00:00.438924,0.4038817235569916,0.7913046508983075,0.021239612872405056,0.5083413366861085,COMPLETE
6,0.43189131659575897,2026-06-10 23:32:10.450869,2026-06-10 23:32:11.035387,0 days 00:00:00.584518,0.2836896585859695,0.13322669627770467,0.6197964304932774,0.8269325836321958,COMPLETE
7,0.6518948835354113,2026-06-10 23:32:11.036421,2026-06-10 23:32:11.475851,0 days 00:00:00.439430,0.5763485270722363,0.6872986656983242,0.2041910809395444,0.5033161583009442,COMPLETE
8,0.4508626455540256,2026-06-10 23:32:11.478089,2026-06-10 23:32:11.976685,0 days 00:00:00.498596,0.014612600864090886,0.18895137935832196,0.7822811311836227,0.10835797042089357,COMPLETE
9,0.6866171974926495,2026-06-10 23:32:11.977834,2026-06-10 23:32:12.472469,0 days 00:00:00.494635,0.7223135988198799,0.6669026221080867,0.4070428302533038,0.945920175161288,COMPLETE
10,0.656996809459408,2026-06-10 23:32:12.473639,2026-06-10 23:32:12.923733,0 days 00:00:00.450094,0.13287423424609668,0.713391801981757,0.5603258109001514,0.12618465788081945,COMPLETE
11,0.27255920733915884,2026-06-10 23:32:12.924859,2026-06-10 23:32:13.445512,0 days 00:00:00.520653,0.11333826909978673,0.07776134177231597,0.6246572499374464,0.27868801987105885,COMPLETE
12,0.4706137661927839,2026-06-10 23:32:13.447176,2026-06-10 23:32:13.915792,0 days 00:00:00.468616,0.10150303846343212,0.5365043826708854,0.5995503701519002,0.063645376176662,COMPLETE
13,0.6638776700448387,2026-06-10 23:32:13.916791,2026-06-10 23:32:14.405645,0 days 00:00:00.488854,0.475796339088588,0.7045715190881858,0.22405836394482626,0.4948520312797787,COMPLETE
14,0.3528923136248431,2026-06-10 23:32:14.406901,2026-06-10 23:32:14.959442,0 days 00:00:00.552541,0.46412647514039496,0.3971675196063611,0.21355859917362818,0.4115555426966886,COMPLETE
15,0.5366168924515544,2026-06-10 23:32:14.961383,2026-06-10 23:32:15.538130,0 days 00:00:00.576747,0.7756397260137753,0.262314106915718,0.02518645349180526,0.9634367166467681,COMPLETE
16,0.8115567399591759,2026-06-10 23:32:15.540057,2026-06-10 23:32:16.246424,0 days 00:00:00.706367,0.9873492247840666,0.46752088302363737,0.7615015268084637,0.06462784862580928,COMPLETE
17,0.319396692553551,2026-06-10 23:32:16.247637,2026-06-10 23:32:16.884530,0 days 00:00:00.636893,0.16497619118935825,0.2954762474075595,0.4466692106668755,0.43314507584786266,COMPLETE
18,0.029375935678266126,2026-06-10 23:32:16.885752,2026-06-10 23:32:17.680802,0 days 00:00:00.795050,0.47735241462174616,0.03238371455917333,0.4756628332235311,0.44515407379064054,COMPLETE
19,0.6449134155165775,2026-06-10 23:32:17.683370,2026-06-10 23:32:18.320944,0 days 00:00:00.637574,0.5135906132995559,0.6507231425247263,0.36102478609342703,0.710143210296322,COMPLETE
20,0.6069812085126076,2026-06-10 23:32:18.322059,2026-06-10 23:32:18.758813,0 days 00:00:00.436754,0.8382582692679685,0.46525985076394527,0.04230566755568188,0.687540203251918,COMPLETE
21,0.7530345878230092,2026-06-10 23:32:18.760045,2026-06-10 23:32:19.323456,0 days 00:00:00.563411,0.31867443045093125,0.688495665042372,0.7823613231096461,0.4781604592138733,COMPLETE
22,0.5850808613934074,2026-06-10 23:32:19.326140,2026-06-10 23:32:19.746566,0 days 00:00:00.420426,0.9589096790012102,0.3721082367345854,0.16335496029213747,0.32867002933158185,COMPLETE
23,0.49098479559302227,2026-06-10 23:32:19.748701,2026-06-10 23:32:20.304664,0 days 00:00:00.555963,0.8192576830543202,0.39244969164532895,0.712180812960903,0.5795643374963945,COMPLETE
24,0.5326531625642064,2026-06-10 23:32:20.305710,2026-06-10 23:32:20.877713,0 days 00:00:00.572003,0.625064239366693,0.47710499867917167,0.7220574156831933,0.398873049226003,COMPLETE
25,0.5965919231256759,2026-06-10 23:32:20.878919,2026-06-10 23:32:21.292886,0 days 00:00:00.413967,0.3445115675670575,0.5671951024467202,0.13572290379850482,0.5625095293355519,COMPLETE
26,0.6094744492595239,2026-06-10 23:32:21.294499,2026-06-10 23:32:21.721497,0 days 00:00:00.426998,0.12203913548782974,0.8928251908559562,0.3008049166293606,0.037248427552132535,COMPLETE
27,0.8085986074363767,2026-06-10 23:32:21.722916,2026-06-10 23:32:22.295087,0 days 00:00:00.572171,0.9276714513307892,0.4623083467932513,0.956736961946123,0.25445544479525184,COMPLETE
28,1.0219210426460876,2026-06-10 23:32:22.296132,2026-06-10 23:32:22.727139,0 days 00:00:00.431007,0.9855939995797527,0.9296473242068369,0.27523374438347503,0.09413092709952664,COMPLETE
29,0.370486823608007,2026-06-10 23:32:22.729217,2026-06-10 23:32:23.133862,0 days 00:00:00.404645,0.0660290682938649,0.22647233347785178,0.19194506594285943,0.43651903285618887,COMPLETE
30,0.5495729155181648,2026-06-10 23:32:23.135216,2026-06-10 23:32:23.567794,0 days 00:00:00.432578,0.9355892504199433,0.2705760239908992,0.006394150587386571,0.9374078700605746,COMPLETE
31,0.7697903517715109,2026-06-10 23:32:23.569394,2026-06-10 23:32:24.144103,0 days 00:00:00.574709,0.7435822162868196,0.740357617867225,0.6924315041404572,0.7927867921953915,COMPLETE
32,0.9737587928589964,2026-06-10 23:32:24.145209,2026-06-10 23:32:24.593596,0 days 00:00:00.448387,0.3479339927517463,0.9024344331312734,0.14555878101562192,0.813367758996153,COMPLETE
33,0.5476561312082247,2026-06-10 23:32:24.601503,2026-06-10 23:32:25.043326,0 days 00:00:00.441823,0.37694809150938,0.4361010537500908,0.02443923197583564,0.6344430298408743,COMPLETE
34,0.42108146989166684,2026-06-10 23:32:25.044957,2026-06-10 23:32:25.419548,0 days 00:00:00.374591,0.4484423699346928,0.28263650486493075,0.06183715901856213,0.05082562848065608,COMPLETE
35,0.6569348002077599,2026-06-10 23:32:25.420540,2026-06-10 23:32:25.847002,0 days 00:00:00.426462,0.20588525386852574,0.5805664201885561,0.003169173404610759,0.45382975021605,COMPLETE
36,1.097844465218523,2026-06-10 23:32:25.849507,2026-06-10 23:32:26.291372,0 days 00:00:00.441865,0.4244160316651253,0.9939468269776373,0.0532905080094952,0.9072108533519836,COMPLETE
37,0.49951194070396016,2026-06-10 23:32:26.292365,2026-06-10 23:32:26.937753,0 days 00:00:00.645388,0.7040565100646807,0.00989982057863259,0.9353650412187052,0.5494301756476876,COMPLETE
38,0.8937931284602217,2026-06-10 23:32:26.939200,2026-06-10 23:32:27.480520,0 days 00:00:00.541320,0.5267236137619329,0.8489729541695424,0.7016795679358517,0.811871981234054,COMPLETE
39,0.36943257852639283,2026-06-10 23:32:27.481709,2026-06-10 23:32:27.873191,0 days 00:00:00.391482,0.5177950256603551,0.3039570523032107,0.25190176889736726,0.09248900508426394,COMPLETE
40,0.4106698098861113,2026-06-10 23:32:27.874898,2026-06-10 23:32:28.504189,0 days 00:00:00.629291,0.3373855246474047,0.36364408219549993,0.6530879358183471,0.4761929811695127,COMPLETE
41,0.20591228765570746,2026-06-10 23:32:28.507901,2026-06-10 23:32:29.139408,0 days 00:00:00.631507,0.6382684232499525,0.11919151915848702,0.46922710684857416,0.8791672557019118,COMPLETE
42,0.6776494334379329,2026-06-10 23:32:29.140645,2026-06-10 23:32:29.796511,0 days 00:00:00.655866,0.979025359285278,0.03481214486006168,0.5693648793400995,0.0022538085279749653,COMPLETE
43,0.5486485035851677,2026-06-10 23:32:29.797735,2026-06-10 23:32:30.509176,0 days 00:00:00.711441,0.39268680810125767,0.4255642739407164,0.531992081614756,0.8820122468969508,COMPLETE
44,0.3589317105295085,2026-06-10 23:32:30.511404,2026-06-10 23:32:31.024425,0 days 00:00:00.513021,0.262676522380479,0.18201922055739783,0.004227313844676228,0.15180516269796673,COMPLETE
45,0.5566418444894649,2026-06-10 23:32:31.030403,2026-06-10 23:32:31.704441,0 days 00:00:00.674038,0.6022466129739729,0.6237667305267206,0.4750034500397873,0.34712259972974746,COMPLETE
46,0.27336550030343243,2026-06-10 23:32:31.705907,2026-06-10 23:32:32.812604,0 days 00:00:01.106697,0.5752232455099336,0.011523136806563916,0.13573021402207286,0.7557338239720097,COMPLETE
47,0.15950847689752196,2026-06-10 23:32:32.814219,2026-06-10 23:32:33.609401,0 days 00:00:00.795182,0.35328081516215104,0.11085895574907145,0.36449669075872293,0.534384596530098,COMPLETE
48,0.47311461130875604,2026-06-10 23:32:33.613373,2026-06-10 23:32:34.347384,0 days 00:00:00.734011,0.9226299866614596,0.22746884425298963,0.8978863194420067,0.8810296315094668,COMPLETE
49,0.3084636324079014,2026-06-10 23:32:34.348390,2026-06-10 23:32:35.032758,0 days 00:00:00.684368,0.6173898730591987,0.34432097161558795,0.4796379311228254,0.2877947689610556,COMPLETE
50,0.6619699616913063,2026-06-10 23:32:35.033913,2026-06-10 23:32:35.643224,0 days 00:00:00.609311,0.28805088447546134,0.3613998882420971,0.9884710107948448,0.37652517073351477,COMPLETE
51,0.20110192573243113,2026-06-10 23:32:35.644526,2026-06-10 23:32:36.015697,0 days 00:00:00.371171,0.0599164172499681,0.03804876828802417,0.090373600872944,0.09331104970765136,COMPLETE
52,0.7606858237471747,2026-06-10 23:32:36.017120,2026-06-10 23:32:36.602861,0 days 00:00:00.585741,0.9573105079317018,0.0777620156970994,0.9302809129469068,0.10880645936874123,COMPLETE
53,0.6501937609553973,2026-06-10 23:32:36.605531,2026-06-10 23:32:37.233520,0 days 00:00:00.627989,0.5890559873920063,0.3664179403701021,0.9984130573608201,0.680807371920675,COMPLETE
54,0.367628506840918,2026-06-10 23:32:37.237538,2026-06-10 23:32:37.653869,0 days 00:00:00.416331,0.08598232581881904,0.7658913323687366,0.3654190475078525,0.022831668741517208,COMPLETE
55,0.3542045196945638,2026-06-10 23:32:37.654905,2026-06-10 23:32:38.178238,0 days 00:00:00.523333,0.5884715289936064,0.18148970114496799,0.5994557190014419,0.1680809997869127,COMPLETE
56,0.987690940226314,2026-06-10 23:32:38.180968,2026-06-10 23:32:38.772880,0 days 00:00:00.591912,0.880527717158675,0.8378727429904006,0.9645918853954242,0.6877598891795433,COMPLETE
57,0.5729169589117974,2026-06-10 23:32:38.777349,2026-06-10 23:32:39.352859,0 days 00:00:00.575510,0.0005056655858680648,0.014793871233282907,0.9000272253529683,0.3166913048731749,COMPLETE
58,0.5372072399888314,2026-06-10 23:32:39.356128,2026-06-10 23:32:39.993701,0 days 00:00:00.637573,0.623043639469803,0.03398397580402268,0.9950702509136553,0.7615534715852466,COMPLETE
59,0.6279889479577989,2026-06-10 23:32:39.994981,2026-06-10 23:32:40.552328,0 days 00:00:00.557347,0.4123072035765779,0.546085702290106,0.602816388246851,0.8233526612939245,COMPLETE
60,0.5044357179576816,2026-06-10 23:32:40.553344,2026-06-10 23:32:41.121581,0 days 00:00:00.568237,0.27743214333381694,0.3244141205876109,0.8197656580692626,0.23128642552696788,COMPLETE
61,0.84084286694512,2026-06-10 23:32:41.124944,2026-06-10 23:32:41.627174,0 days 00:00:00.502230,0.6786912995767207,0.8734131675736856,0.44179604776805237,0.19695069201871152,COMPLETE
62,0.14059128676216529,2026-06-10 23:32:41.630361,2026-06-10 23:32:42.090373,0 days 00:00:00.460012,0.5049065495983945,0.04807691518350787,0.3749121628254318,0.6870930282441557,COMPLETE
63,0.5625076580820197,2026-06-10 23:32:42.091747,2026-06-10 23:32:42.551813,0 days 00:00:00.460066,0.26055174106031986,0.3325746506057097,0.28840074582666897,0.8849211038634884,COMPLETE
64,0.03140292462318459,2026-06-10 23:32:42.552958,2026-06-10 23:32:48.736767,0 days 00:00:06.183809,0.5165845657043729,0.0,0.3926261545413924,0.4565129050832297,COMPLETE
65,0.04011810001411247,2026-06-10 23:32:48.739950,2026-06-10 23:32:49.598289,0 days 00:00:00.858339,0.5577474026603718,0.0,0.3985300663811107,0.4860219792219458,COMPLETE
66,0.044344726232638965,2026-06-10 23:32:49.599402,2026-06-10 23:32:50.682473,0 days 00:00:01.083071,0.5989770931187127,0.0,0.4064370425817076,0.5196968836664551,COMPLETE
67,0.029940126972438627,2026-06-10 23:32:50.683575,2026-06-10 23:32:51.578969,0 days 00:00:00.895394,0.46271851416002024,0.0,0.38264074081197036,0.4015343433026164,COMPLETE
68,0.031782733963184776,2026-06-10 23:32:51.580223,2026-06-10 23:32:52.505786,0 days 00:00:00.925563,0.4488410916604222,0.0,0.3806570856438974,0.387248438253685,COMPLETE
69,0.03176569794270035,2026-06-10 23:32:52.506911,2026-06-10 23:32:53.326039,0 days 00:00:00.819128,0.44316105021389224,0.0,0.38040539641250054,0.3813300644563234,COMPLETE
70,0.1327592295777402,2026-06-10 23:32:53.327487,2026-06-10 23:32:54.322247,0 days 00:00:00.994760,0.06852568581426208,0.0,0.34186500993018293,0.0,COMPLETE
71,0.04565702688970441,2026-06-10 23:32:54.325105,2026-06-10 23:32:55.258887,0 days 00:00:00.933782,0.5811272582506654,0.0,0.4024622201728324,0.5008871960386179,COMPLETE
72,0.030510626011926972,2026-06-10 23:32:55.260109,2026-06-10 23:32:56.140681,0 days 00:00:00.880572,0.4786301380619831,0.0,0.3844241615396649,0.41771766263166876,COMPLETE
73,0.03993539706878984,2026-06-10 23:32:56.142159,2026-06-10 23:32:57.482812,0 days 00:00:01.340653,0.5563281871186541,0.0,0.39964831905829157,0.4818659420870437,COMPLETE
74,0.03030189113336853,2026-06-10 23:32:57.484131,2026-06-10 23:32:58.730188,0 days 00:00:01.246057,0.4658958935905993,0.0,0.38290188778270695,0.40690277006486114,COMPLETE
75,0.030221889211816746,2026-06-10 23:32:58.732866,2026-06-10 23:32:59.898442,0 days 00:00:01.165576,0.4699617729677127,0.0,0.38408771221185267,0.41026800019196336,COMPLETE
76,0.042884021701493164,2026-06-10 23:32:59.900037,2026-06-10 23:33:00.982717,0 days 00:00:01.082680,0.5617850430174153,0.0,0.40191272266443545,0.48452062291562936,COMPLETE
77,0.028445584547595756,2026-06-10 23:33:00.984140,2026-06-10 23:33:01.980778,0 days 00:00:00.996638,0.4598530527400328,0.0,0.38327018418394393,0.402037444915552,COMPLETE
78,0.030033609193577344,2026-06-10 23:33:01.981940,2026-06-10 23:33:03.068990,0 days 00:00:01.087050,0.46474811778147085,0.0,0.3847244135617655,0.4059714665311526,COMPLETE
79,0.03930669450862011,2026-06-10 23:33:03.073577,2026-06-10 23:33:04.036826,0 days 00:00:00.963249,0.5107324546802249,0.0,0.3950464662037205,0.4360613078628635,COMPLETE
80,0.03795670857532508,2026-06-10 23:33:04.037940,2026-06-10 23:33:05.169774,0 days 00:00:01.131834,0.5043473914198446,0.0,0.39611136852306694,0.43302458031012764,COMPLETE
81,0.03797890907315231,2026-06-10 23:33:05.173104,2026-06-10 23:33:06.200054,0 days 00:00:01.026950,0.5025185798470851,0.0,0.39791194686150383,0.43282626115821904,COMPLETE
82,0.03768055733388275,2026-06-10 23:33:06.201476,2026-06-10 23:33:07.402393,0 days 00:00:01.200917,0.5008829275338881,0.0,0.39969721743707154,0.43284602103246617,COMPLETE
83,0.03660486236442951,2026-06-10 23:33:07.405343,2026-06-10 23:33:08.345679,0 days 00:00:00.940336,0.4994792359937781,0.0,0.4014268053264834,0.4329287678317986,COMPLETE
84,0.03488330743988589,2026-06-10 23:33:08.347090,2026-06-10 23:33:09.564679,0 days 00:00:01.217589,0.498013146486268,0.0,0.4031855576831652,0.43285558737308116,COMPLETE
85,0.034818009638202974,2026-06-10 23:33:09.568639,2026-06-10 23:33:10.449141,0 days 00:00:00.880502,0.49630083153869753,0.0,0.4051564521471449,0.4326073491069619,COMPLETE
86,0.034409620752489975,2026-06-10 23:33:10.450487,2026-06-10 23:33:11.717015,0 days 00:00:01.266528,0.49520185706114794,0.0,0.40715255176864307,0.4325918116423801,COMPLETE
87,0.0335524671721494,2026-06-10 23:33:11.720380,2026-06-10 23:33:13.335547,0 days 00:00:01.615167,0.4940750047897769,0.0,0.40912755546196916,0.43246194328828813,COMPLETE
88,0.032602493247734295,2026-06-10 23:33:13.336724,2026-06-10 23:33:14.497765,0 days 00:00:01.161041,0.4927978995160237,0.0,0.4112973499162721,0.43226750535720393,COMPLETE
89,0.03214721917614448,2026-06-10 23:33:14.499082,2026-06-10 23:33:15.643442,0 days 00:00:01.144360,0.49150162411654974,0.0,0.4136620668870461,0.43202612397993223,COMPLETE
90,0.029049205998608805,2026-06-10 23:33:15.644574,2026-06-10 23:33:16.635113,0 days 00:00:00.990539,0.0,0.28452320124364827,0.21872621373254536,0.0,COMPLETE
91,0.07359237910554567,2026-06-10 23:33:16.636336,2026-06-10 23:33:19.090162,0 days 00:00:02.453826,0.5956253350241674,0.0,0.5371339670530835,0.5884334655361886,COMPLETE
92,0.04407166419436667,2026-06-10 23:33:19.093559,2026-06-10 23:33:21.175483,0 days 00:00:02.081924,0.0,0.3729286128507669,0.3234907288781437,0.0,COMPLETE
93,0.021975070732697385,2026-06-10 23:33:21.176788,2026-06-10 23:33:22.259836,0 days 00:00:01.083048,0.0,0.5295146913696418,0.16490636887480983,0.0,COMPLETE
94,0.03752170057523183,2026-06-10 23:33:22.261041,2026-06-10 23:33:23.664817,0 days 00:00:01.403776,0.0,0.4385015352145218,0.20644177004447864,0.0,COMPLETE
95,0.025979171925343644,2026-06-10 23:33:23.665963,2026-06-10 23:33:24.568258,0 days 00:00:00.902295,0.0,0.3942421324021724,0.14349097482526071,0.0,COMPLETE
96,0.023207114132002393,2026-06-10 23:33:24.569456,2026-06-10 23:33:26.134062,0 days 00:00:01.564606,0.46883129154410824,0.0,0.4379778196447193,0.43058738192325413,COMPLETE
97,0.027789219623347215,2026-06-10 23:33:26.135311,2026-06-10 23:33:27.789852,0 days 00:00:01.654541,0.0,0.3861728872167623,0.18105454251388536,0.0,COMPLETE
98,0.03205024530252748,2026-06-10 23:33:27.791123,2026-06-10 23:33:29.153387,0 days 00:00:01.362264,0.0,0.3931336173409236,0.18881915308678485,0.0,COMPLETE
99,0.02620767042335261,2026-06-10 23:33:29.154547,2026-06-10 23:33:30.424545,0 days 00:00:01.269998,0.0,0.39659748970262587,0.1916209632436503,0.0,COMPLETE
100,0.03518818439190793,2026-06-10 23:33:30.425973,2026-06-10 23:33:31.371054,0 days 00:00:00.945081,0.0,0.40630929626521184,0.1937870372516714,0.0,COMPLETE
101,0.02500244134241457,2026-06-10 23:33:31.372196,2026-06-10 23:33:32.779933,0 days 00:00:01.407737,0.0,0.3968735451619314,0.19418739770721913,0.0,COMPLETE
102,0.08354149954770307,2026-06-10 23:33:32.781199,2026-06-10 23:33:34.119409,0 days 00:00:01.338210,0.5320416243004553,0.0,0.45251801878417847,0.39978824947736036,COMPLETE
103,0.02742358619348546,2026-06-10 23:33:34.120556,2026-06-10 23:33:35.376008,0 days 00:00:01.255452,0.0,0.3552599935657907,0.20370872083467248,0.0,COMPLETE
104,0.03805797932910931,2026-06-10 23:33:35.377317,2026-06-10 23:33:36.515072,0 days 00:00:01.137755,0.0,0.3666755989248245,0.19827667550415887,0.0,COMPLETE
105,0.02616413308361511,2026-06-10 23:33:36.517279,2026-06-10 23:33:37.548734,0 days 00:00:01.031455,0.0,0.42261105688203626,0.15185548715784541,0.0,COMPLETE
106,0.02604845421324573,2026-06-10 23:33:37.549906,2026-06-10 23:33:38.659557,0 days 00:00:01.109651,0.0,0.38488652683517316,0.19650700251911224,0.0,COMPLETE
107,0.022892048739112606,2026-06-10 23:33:38.660703,2026-06-10 23:33:40.253567,0 days 00:00:01.592864,0.0,0.4276598348464814,0.15697371791430245,0.0,COMPLETE
108,0.0028257409620491983,2026-06-10 23:33:40.256052,2026-06-10 23:33:41.664455,0 days 00:00:01.408403,0.44016892389254647,0.0,0.4128402393902535,0.4450650279489568,COMPLETE
109,0.002093254970067575,2026-06-10 23:33:41.668795,2026-06-10 23:33:43.163804,0 days 00:00:01.495009,0.42927646345549453,0.0,0.4164814993063205,0.44694600134283613,COMPLETE
110,0.022651839587890004,2026-06-10 23:33:43.165015,2026-06-10 23:33:44.384250,0 days 00:00:01.219235,0.0,0.4272206065580516,0.14656630829090644,0.0,COMPLETE
111,0.02573278262772757,2026-06-10 23:33:44.385490,2026-06-10 23:33:45.495602,0 days 00:00:01.110112,0.0,0.4304201038928556,0.1469698546917382,0.0,COMPLETE
112,0.0059269864388951975,2026-06-10 23:33:45.496869,2026-06-10 23:33:46.629014,0 days 00:00:01.132145,0.4177433372414823,0.0,0.41917220126272875,0.44777606589014585,COMPLETE
113,0.010147230175046878,2026-06-10 23:33:46.630136,2026-06-10 23:33:47.955047,0 days 00:00:01.324911,0.4098171978392146,0.0,0.4208997734646274,0.44812424737391665,COMPLETE
114,0.012699810971333683,2026-06-10 23:33:47.957319,2026-06-10 23:33:49.374819,0 days 00:00:01.417500,0.40428491900698527,0.0,0.4215301417251213,0.44777393114758696,COMPLETE
115,0.014320222392434185,2026-06-10 23:33:49.376313,2026-06-10 23:33:50.765547,0 days 00:00:01.389234,0.4002965008362537,0.0,0.42144562772982935,0.4470294473503475,COMPLETE
116,0.016155897719225293,2026-06-10 23:33:50.766911,2026-06-10 23:33:52.101522,0 days 00:00:01.334611,0.3971744626161216,0.0,0.42082506446893997,0.44605153048086754,COMPLETE
117,0.01643178309534355,2026-06-10 23:33:52.104354,2026-06-10 23:33:53.911367,0 days 00:00:01.807013,0.0,0.0,0.01643178309534355,0.0,COMPLETE
118,0.019257071557540268,2026-06-10 23:33:53.914405,2026-06-10 23:33:56.066910,0 days 00:00:02.152505,0.3199952477912544,0.0,0.34816909888621506,0.37357589260248397,COMPLETE
119,0.23222862885291917,2026-06-10 23:33:56.068146,2026-06-10 23:33:58.662030,0 days 00:00:02.593884,0.7456726034239689,0.0,0.6307299656362658,0.9999999999999999,COMPLETE
120,0.13796514436089738,2026-06-10 23:33:58.663209,2026-06-10 23:34:00.246780,0 days 00:00:01.583571,0.0,0.13796514436089738,0.0,0.0,COMPLETE
121,0.18330009800812244,2026-06-10 23:34:00.248256,2026-06-10 23:34:01.891550,0 days 00:00:01.643294,0.1599978896797798,0.6533681607301891,0.0,0.0,COMPLETE
122,0.24427957392718344,2026-06-10 23:34:01.892712,2026-06-10 23:34:03.541592,0 days 00:00:01.648880,0.9999999999999999,0.0,0.3908076693771802,0.7627976006027765,COMPLETE
123,0.016588085563853657,2026-06-10 23:34:03.542844,2026-06-10 23:34:05.001755,0 days 00:00:01.458911,0.3817879084806515,0.05371633577725641,0.38152034769233656,0.3922485546341541,COMPLETE
124,0.15778424032266153,2026-06-10 23:34:05.005697,2026-06-10 23:34:06.628844,0 days 00:00:01.623147,0.15778424032266153,0.0,0.0,0.0,COMPLETE
125,0.003156259664985311,2026-06-10 23:34:06.630368,2026-06-10 23:34:08.401848,0 days 00:00:01.771480,0.36856910259935144,0.0,0.4180001645375452,0.4026581604929072,COMPLETE
126,0.104907558964939,2026-06-10 23:34:08.403124,2026-06-10 23:34:10.377045,0 days 00:00:01.973921,0.72216118069196,0.0938719884530343,0.36824695213552905,0.6306084097698863,COMPLETE
127,0.0724158069252188,2026-06-10 23:34:10.378936,2026-06-10 23:34:12.386556,0 days 00:00:02.007620,0.0,0.5713506987003011,0.0,0.004114418781792456,COMPLETE
128,0.020297142698904785,2026-06-10 23:34:12.387707,2026-06-10 23:34:14.018202,0 days 00:00:01.630495,0.37969410408667775,0.0,0.3623297233367797,0.4286456344738278,COMPLETE
129,0.005390024229878173,2026-06-10 23:34:14.020539,2026-06-10 23:34:16.010385,0 days 00:00:01.989846,0.35839662723773036,0.0,0.4312205795503058,0.40014152664673547,COMPLETE
130,0.005554678377178602,2026-06-10 23:34:16.011827,2026-06-10 23:34:17.815442,0 days 00:00:01.803615,0.35962698093900514,0.0,0.4313668023647877,0.39839477441320037,COMPLETE
131,0.13632828369871242,2026-06-10 23:34:17.816876,2026-06-10 23:34:19.048337,0 days 00:00:01.231461,0.0,0.0,0.13632828369871242,0.0,COMPLETE
132,0.029934354767943917,2026-06-10 23:34:19.049440,2026-06-10 23:34:20.096460,0 days 00:00:01.047020,0.3850647090608665,0.0,0.4196564025849696,0.4551565829319513,COMPLETE
133,0.025306677705099423,2026-06-10 23:34:20.097894,2026-06-10 23:34:21.225896,0 days 00:00:01.128002,0.38899193527759335,0.0,0.4195859335496615,0.4520141279645256,COMPLETE
134,0.045840702088037824,2026-06-10 23:34:21.227666,2026-06-10 23:34:22.753120,0 days 00:00:01.525454,0.0,0.5002735740390423,0.16064970624800953,0.0,COMPLETE
135,0.0229771670916875,2026-06-10 23:34:22.756417,2026-06-10 23:34:24.154121,0 days 00:00:01.397704,0.3923589526600754,0.0,0.4179017914855744,0.45177144887884096,COMPLETE
136,0.01959752151723162,2026-06-10 23:34:24.157382,2026-06-10 23:34:25.513026,0 days 00:00:01.355644,0.3933614045267675,0.0,0.41818497769391094,0.44962880621172424,COMPLETE
137,0.019822286536359184,2026-06-10 23:34:25.515891,2026-06-10 23:34:26.637064,0 days 00:00:01.121173,0.39359657487581856,0.0,0.41858049825421634,0.4477522057569149,COMPLETE
138,0.01640166207459647,2026-06-10 23:34:26.639083,2026-06-10 23:34:27.653903,0 days 00:00:01.014820,0.3937288941654992,0.0,0.41906304924518145,0.4457613341452379,COMPLETE
139,0.19724205689766172,2026-06-10 23:34:27.657167,2026-06-10 23:34:29.331616,0 days 00:00:01.674449,0.20413652192408094,0.19540425609095935,0.46776798677333215,0.0,COMPLETE
140,0.01653454838444967,2026-06-10 23:34:29.332778,2026-06-10 23:34:30.467383,0 days 00:00:01.134605,0.39334032383452777,0.0,0.41891640295030375,0.44443108409289195,COMPLETE
141,0.01623632484300917,2026-06-10 23:34:30.469772,2026-06-10 23:34:31.583459,0 days 00:00:01.113687,0.3928562265790224,0.0,0.41963438125471525,0.44243076373255297,COMPLETE
142,0.1909685946172996,2026-06-10 23:34:31.584589,2026-06-10 23:34:32.893064,0 days 00:00:01.308475,0.0,0.24380631012501808,0.3716130834767047,0.0999292797604442,COMPLETE
143,0.016521853960177708,2026-06-10 23:34:32.894494,2026-06-10 23:34:34.151079,0 days 00:00:01.256585,0.3902481672348446,0.0,0.4174327838243302,0.43952982668132606,COMPLETE
144,0.012581516797370134,2026-06-10 23:34:34.152218,2026-06-10 23:34:35.384858,0 days 00:00:01.232640,0.3897207822995055,0.0,0.4194036159279998,0.4365285009515572,COMPLETE
145,0.009783602480308911,2026-06-10 23:34:35.386784,2026-06-10 23:34:37.164805,0 days 00:00:01.778021,0.38870755883844194,0.0,0.42255746515191783,0.43245330610408267,COMPLETE
146,0.3485503123870329,2026-06-10 23:34:37.167060,2026-06-10 23:34:39.177641,0 days 00:00:02.010581,0.20317018944992327,0.0,0.685828429908264,0.0,COMPLETE
147,0.01594756787165556,2026-06-10 23:34:39.178819,2026-06-10 23:34:40.299993,0 days 00:00:01.121174,0.38493903559491277,0.0,0.41169621270613976,0.435297781640026,COMPLETE
148,0.010200640755223566,2026-06-10 23:34:40.304402,2026-06-10 23:34:41.479866,0 days 00:00:01.175464,0.3848366636446498,0.0,0.4188017448261421,0.42945090924456625,COMPLETE
149,0.006761530836980836,2026-06-10 23:34:41.481099,2026-06-10 23:34:42.628347,0 days 00:00:01.147248,0.38290617840942703,0.0,0.4227736520227954,0.42287385829896273,COMPLETE
150,0.058817237824143206,2026-06-10 23:34:42.629495,2026-06-10 23:34:43.827652,0 days 00:00:01.198157,0.7166038003820284,0.0,0.3816005237254834,0.7425105944491455,COMPLETE
151,0.059805544720160864,2026-06-10 23:34:43.830432,2026-06-10 23:34:45.633625,0 days 00:00:01.803193,0.2815866872415449,0.0,0.4588783576066889,0.25495289681135264,COMPLETE
152,0.4069797019914085,2026-06-10 23:34:45.634791,2026-06-10 23:34:47.098266,0 days 00:00:01.463475,0.0,0.0,0.0,0.26008636652726363,COMPLETE
153,0.018699978216146638,2026-06-10 23:34:47.099434,2026-06-10 23:34:48.274819,0 days 00:00:01.175385,0.0,0.6795401047126084,0.12513213170129595,0.0,COMPLETE
154,0.18744421329366853,2026-06-10 23:34:48.276074,2026-06-10 23:34:49.745279,0 days 00:00:01.469205,0.0,0.15479308232243122,0.48159996815915257,0.0,COMPLETE
155,0.004024711378318009,2026-06-10 23:34:49.746427,2026-06-10 23:34:51.108009,0 days 00:00:01.361582,0.3671714831693873,0.0,0.43474832435583455,0.379499582638229,COMPLETE
156,0.031488794790219155,2026-06-10 23:34:51.109168,2026-06-10 23:34:52.411161,0 days 00:00:01.301993,0.0,0.55223533702079,0.17265415063453088,0.0,COMPLETE
157,0.005526855553496301,2026-06-10 23:34:52.412610,2026-06-10 23:34:53.818864,0 days 00:00:01.406254,0.3674080556676695,0.0,0.4364738305705848,0.37890214698770686,COMPLETE
158,0.005200979142409983,2026-06-10 23:34:53.820015,2026-06-10 23:34:55.181936,0 days 00:00:01.361921,0.3669861808903144,0.0,0.43647513945306804,0.37822006747369924,COMPLETE
159,0.005236975016615433,2026-06-10 23:34:55.183190,2026-06-10 23:34:56.684926,0 days 00:00:01.501736,0.36654198132466576,0.0,0.43633447955023597,0.3775836545644648,COMPLETE
160,0.0,2026-06-10 23:34:56.686143,2026-06-10 23:34:57.802909,0 days 00:00:01.116766,0.0,0.0,0.0,0.0,COMPLETE
161,0.09535146813187999,2026-06-10 23:34:57.804029,2026-06-10 23:34:59.314865,0 days 00:00:01.510836,0.1332474790983501,0.3465970350133357,0.21236296730449974,0.0,COMPLETE
162,0.5044067837468017,2026-06-10 23:34:59.316117,2026-06-10 23:35:01.060741,0 days 00:00:01.744624,0.0,0.6497743631329359,0.1293123996948311,0.06360460502017404,COMPLETE
163,0.12495317058493519,2026-06-10 23:35:01.062264,2026-06-10 23:35:02.612353,0 days 00:00:01.550089,0.7804314321670629,0.0,0.6019496493758988,0.8103911610764829,COMPLETE
164,0.1771413458262421,2026-06-10 23:35:02.613471,2026-06-10 23:35:04.346465,0 days 00:00:01.732994,0.6405972859772989,0.0,0.12612176441261622,0.5725501631705284,COMPLETE
165,0.1396188254461133,2026-06-10 23:35:04.348378,2026-06-10 23:35:06.550562,0 days 00:00:02.202184,0.9019562674003907,0.0,0.3602959847873531,0.982430813206378,COMPLETE
166,0.06836516754860102,2026-06-10 23:35:06.551647,2026-06-10 23:35:08.382676,0 days 00:00:01.831029,0.9999999999999999,0.0,0.55084798521445,0.959345444456548,COMPLETE
167,0.174513239870711,2026-06-10 23:35:08.383878,2026-06-10 23:35:10.072937,0 days 00:00:01.689059,0.9999999999999999,0.1744475589041726,0.5102755923457581,0.9999999999999999,COMPLETE
168,0.014154950043359971,2026-06-10 23:35:10.076147,2026-06-10 23:35:11.346417,0 days 00:00:01.270270,0.6034818881691028,0.0,0.3529522774869185,0.609725210255628,COMPLETE
169,0.010485472907807486,2026-06-10 23:35:11.347530,2026-06-10 23:35:12.989982,0 days 00:00:01.642452,0.31356269033194045,0.07937364503919928,0.4148439389640683,0.32048418018311103,COMPLETE
170,0.06941837419696092,2026-06-10 23:35:12.993241,2026-06-10 23:35:14.691123,0 days 00:00:01.697882,0.36256859529719804,0.10029333775682935,0.47197387299509175,0.35831839475028704,COMPLETE
171,0.08938592770228773,2026-06-10 23:35:14.692264,2026-06-10 23:35:16.301233,0 days 00:00:01.608969,0.2557664904753832,0.13053494569279586,0.3021999881365609,0.2645909125045551,COMPLETE
172,0.020338409859642383,2026-06-10 23:35:16.302484,2026-06-10 23:35:18.160391,0 days 00:00:01.857907,0.8659740304291372,0.0,0.47237261767918454,0.8932408041176878,COMPLETE
173,0.10733950536747942,2026-06-10 23:35:18.162447,2026-06-10 23:35:20.553898,0 days 00:00:02.391451,0.9513450164683231,0.08808510131585295,0.5026416894996182,0.8883080961313411,COMPLETE
174,0.036674507488340606,2026-06-10 23:35:20.555045,2026-06-10 23:35:22.919704,0 days 00:00:02.364659,0.5511442002056403,0.055947398236085334,0.40916885099269357,0.558478441227327,COMPLETE
175,0.03744027858505719,2026-06-10 23:35:22.923463,2026-06-10 23:35:24.422740,0 days 00:00:01.499277,0.19664542441498056,0.037369772141321894,0.39368549295354166,0.29250021354167155,COMPLETE
176,0.07063791029641922,2026-06-10 23:35:24.425504,2026-06-10 23:35:25.755902,0 days 00:00:01.330398,0.5652728119583399,0.05422027832504757,0.27882861512978474,0.5823687624989303,COMPLETE
177,9.796410759915216e-05,2026-06-10 23:35:25.757072,2026-06-10 23:35:27.089631,0 days 00:00:01.332559,0.32525563617560155,0.02947247110260761,0.3939598912242656,0.33627801659457734,COMPLETE
178,0.0006579738596450455,2026-06-10 23:35:27.091064,2026-06-10 23:35:28.678440,0 days 00:00:01.587376,0.32798771095917517,0.027774705914362027,0.39848148814839257,0.34669460756384596,COMPLETE
179,0.0003317597045998266,2026-06-10 23:35:28.679566,2026-06-10 23:35:29.883497,0 days 00:00:01.203931,0.3296422331565833,0.026348356341699408,0.3993349237352081,0.34924424343621896,COMPLETE
180,0.00019237626738723927,2026-06-10 23:35:29.884704,2026-06-10 23:35:31.156625,0 days 00:00:01.271921,0.33067038703904095,0.025437720722746054,0.39976474299985587,0.35045595361121085,COMPLETE
181,0.0002807527363578608,2026-06-10 23:35:31.159249,2026-06-10 23:35:32.777566,0 days 00:00:01.618317,0.33140985978349047,0.024783682305532528,0.40007567962524776,0.35129161376965645,COMPLETE
182,0.00040773916092752256,2026-06-10 23:35:32.780608,2026-06-10 23:35:34.675967,0 days 00:00:01.895359,0.3320130111214961,0.024163335618575827,0.400272305795827,0.35178843642364915,COMPLETE
183,0.00023369830329033958,2026-06-10 23:35:34.677532,2026-06-10 23:35:36.514217,0 days 00:00:01.836685,0.33255139545845913,0.023569881555304626,0.4004581720688375,0.35226752746352646,COMPLETE
184,0.28501899728067565,2026-06-10 23:35:36.515909,2026-06-10 23:35:37.949214,0 days 00:00:01.433305,0.0,0.0,0.0,0.043278964891149234,COMPLETE
185,0.16213157153882057,2026-06-10 23:35:37.952539,2026-06-10 23:35:39.979376,0 days 00:00:02.026837,0.3353935566491,0.0,0.37225258454206095,0.11083580834859708,COMPLETE
186,0.05868339536104693,2026-06-10 23:35:39.983328,2026-06-10 23:35:41.040538,0 days 00:00:01.057210,0.3657673534498838,0.0,0.29624572355835144,0.2616243628247415,COMPLETE
187,0.17724584040105282,2026-06-10 23:35:41.041685,2026-06-10 23:35:42.879225,0 days 00:00:01.837540,0.0027237988533074468,0.0,0.2654818031097265,0.15880789665903802,COMPLETE
188,0.016069282586248925,2026-06-10 23:35:42.880735,2026-06-10 23:35:43.931157,0 days 00:00:01.050422,0.3034533351793158,0.0,0.37290688579055514,0.3625051633245135,COMPLETE
189,0.013402845133285227,2026-06-10 23:35:43.932304,2026-06-10 23:35:45.055704,0 days 00:00:01.123400,0.3104081185418651,0.0,0.3810141543575596,0.363819012868488,COMPLETE
190,0.008437809521063426,2026-06-10 23:35:45.057501,2026-06-10 23:35:46.446362,0 days 00:00:01.388861,0.3152846731401388,0.0,0.3874043848364703,0.36496922438899887,COMPLETE
191,0.008602540000351468,2026-06-10 23:35:46.447757,2026-06-10 23:35:48.153046,0 days 00:00:01.705289,0.31830695051708147,0.0,0.392298428870351,0.3659548495312356,COMPLETE
192,0.007302183305246887,2026-06-10 23:35:48.155124,2026-06-10 23:35:49.755219,0 days 00:00:01.600095,0.321454068392579,0.0,0.3977404474801041,0.3669514012125195,COMPLETE
193,0.004744639536947217,2026-06-10 23:35:49.756903,2026-06-10 23:35:51.220985,0 days 00:00:01.464082,0.3247598775454014,0.0,0.4041680343247822,0.3680177068074033,COMPLETE
194,0.004107281302586941,2026-06-10 23:35:51.222147,2026-06-10 23:35:52.442224,0 days 00:00:01.220077,0.3283702740682873,0.0,0.4116116364204007,0.36917735280068464,COMPLETE
195,0.002702446925434503,2026-06-10 23:35:52.443405,2026-06-10 23:35:53.660539,0 days 00:00:01.217134,0.33063312480669826,0.0,0.41512840601094075,0.36986938991337254,COMPLETE
196,0.0031835414364133753,2026-06-10 23:35:53.664143,2026-06-10 23:35:54.793981,0 days 00:00:01.129838,0.33239176713129137,0.0,0.4179283999067094,0.37043705275043937,COMPLETE
197,0.005822698325830218,2026-06-10 23:35:54.795509,2026-06-10 23:35:55.773302,0 days 00:00:00.977793,0.32532524391857803,0.0,0.3944167066713168,0.3686685032471886,COMPLETE
198,0.0028397119001782422,2026-06-10 23:35:55.774405,2026-06-10 23:35:56.993707,0 days 00:00:01.219302,0.33836586413872005,0.0,0.42703780785006684,0.3717952564188308,COMPLETE
199,0.002980016159961701,2026-06-10 23:35:56.996781,2026-06-10 23:35:58.155777,0 days 00:00:01.158996,0.3382166360210904,0.0,0.42608933331011006,0.3718076367469879,COMPLETE
200,0.003249675019139043,2026-06-10 23:35:58.156915,2026-06-10 23:35:59.188834,0 days 00:00:01.031919,0.3265542316887602,0.0,0.3912645301001898,0.3695009098458559,COMPLETE
201,0.0025647086249229274,2026-06-10 23:35:59.190396,2026-06-10 23:36:00.909185,0 days 00:00:01.718789,0.3403201090280684,0.0,0.428639715497808,0.3721002314808401,COMPLETE
202,0.0026319548826341955,2026-06-10 23:36:00.911394,2026-06-10 23:36:02.437325,0 days 00:00:01.525931,0.3401083888126214,0.0,0.42763368259266055,0.37198054257549135,COMPLETE
203,0.0019021608824372842,2026-06-10 23:36:02.438604,2026-06-10 23:36:04.144322,0 days 00:00:01.705718,0.33983492120192,0.0,0.4264225234907492,0.3717881637685368,COMPLETE
204,0.29408092368497485,2026-06-10 23:36:04.145472,2026-06-10 23:36:05.983542,0 days 00:00:01.838070,0.7269875877683067,0.021295504036569764,0.3129786183084248,0.28335564985914585,COMPLETE
205,0.002660659208749392,2026-06-10 23:36:05.986537,2026-06-10 23:36:07.129610,0 days 00:00:01.143073,0.33933333635170876,0.0,0.4265109223193456,0.3717218576072158,COMPLETE
206,0.006955579583196497,2026-06-10 23:36:07.131419,2026-06-10 23:36:08.456362,0 days 00:00:01.324943,0.32749987036288253,0.0,0.3917623946042937,0.3706122634463951,COMPLETE
207,0.10161884524990086,2026-06-10 23:36:08.457849,2026-06-10 23:36:10.128127,0 days 00:00:01.670278,0.16548116423012144,0.04668844025987676,0.4676094515914848,0.11565534972296679,COMPLETE
208,0.3647333413253914,2026-06-10 23:36:10.129349,2026-06-10 23:36:12.230116,0 days 00:00:02.100767,0.8138322803495842,0.024698875856208845,0.6619800464943557,0.375746034954607,COMPLETE
209,0.18988644818367575,2026-06-10 23:36:12.231557,2026-06-10 23:36:14.331618,0 days 00:00:02.100061,0.1863058860017788,0.0,0.1537107168761664,0.16962056377949922,COMPLETE
210,0.006402919634651468,2026-06-10 23:36:14.333841,2026-06-10 23:36:15.931452,0 days 00:00:01.597611,0.32553941092746974,0.0,0.38411687368581005,0.3691604395761274,COMPLETE
211,0.002503872058700296,2026-06-10 23:36:15.933624,2026-06-10 23:36:17.574495,0 days 00:00:01.640871,0.3456044300816505,0.0,0.4311690088653741,0.3710301571588747,COMPLETE
212,0.005187131138212534,2026-06-10 23:36:17.575934,2026-06-10 23:36:18.931917,0 days 00:00:01.355983,0.3268008500067984,0.0,0.38732749247504583,0.3693584716310318,COMPLETE
213,0.0029830302855490625,2026-06-10 23:36:18.933088,2026-06-10 23:36:20.205458,0 days 00:00:01.272370,0.34672866362871524,0.0,0.4313667671379667,0.37020093753447403,COMPLETE
214,0.1277737312201117,2026-06-10 23:36:20.206864,2026-06-10 23:36:21.782242,0 days 00:00:01.575378,0.7926637274836079,0.0,0.5534025570353377,0.6820177455723619,COMPLETE
215,0.0032997966897615346,2026-06-10 23:36:21.783447,2026-06-10 23:36:23.106179,0 days 00:00:01.322732,0.3453147728777051,0.0,0.4309511588519147,0.37218456202413874,COMPLETE
216,0.06202201113197054,2026-06-10 23:36:23.107410,2026-06-10 23:36:24.802311,0 days 00:00:01.694901,0.16231385312931831,0.1226552260257799,0.30405885006044164,0.07647461322201582,COMPLETE
217,0.16299567076090699,2026-06-10 23:36:24.803521,2026-06-10 23:36:26.840742,0 days 00:00:02.037221,0.7839493934751284,0.0,0.31112670594987746,0.8410304892197652,COMPLETE
218,0.23472928896396916,2026-06-10 23:36:26.842832,2026-06-10 23:36:28.731977,0 days 00:00:01.889145,0.5220365173512416,0.0,0.24839358595053562,0.1704561171665042,COMPLETE
219,0.21634971337216186,2026-06-10 23:36:28.735888,2026-06-10 23:36:30.799792,0 days 00:00:02.063904,0.89797978380275,0.0,0.7034289057395581,0.9544562576107363,COMPLETE
220,0.20093623118113882,2026-06-10 23:36:30.801217,2026-06-10 23:36:32.499865,0 days 00:00:01.698648,0.763473601997204,0.0,0.22214978932913673,0.6734783941088736,COMPLETE
221,0.16867823474467117,2026-06-10 23:36:32.501125,2026-06-10 23:36:34.172458,0 days 00:00:01.671333,0.49767958421954683,0.18224386859809918,0.24619500671404532,0.4928623697424896,COMPLETE
222,0.012027024219435467,2026-06-10 23:36:34.174615,2026-06-10 23:36:35.356561,0 days 00:00:01.181946,0.30806586425754623,0.0,0.40001848239037063,0.36651252720758254,COMPLETE
223,0.10784955547562945,2026-06-10 23:36:35.360488,2026-06-10 23:36:37.134409,0 days 00:00:01.773921,0.44934443946793323,0.09895080288535879,0.42533479414217584,0.24803379361831476,COMPLETE
224,0.16447461706192787,2026-06-10 23:36:37.137565,2026-06-10 23:36:38.721816,0 days 00:00:01.584251,0.7465444025036306,0.16834003051079516,0.46250362216907714,0.7486583488768854,COMPLETE
225,0.1002274367975583,2026-06-10 23:36:38.723924,2026-06-10 23:36:39.979107,0 days 00:00:01.255183,0.0,0.7464796593102109,0.0,0.0,COMPLETE
226,0.10264231821552383,2026-06-10 23:36:39.980608,2026-06-10 23:36:42.232566,0 days 00:00:02.251958,0.08030918118706276,0.2139341280118216,0.3798807708577793,0.0,COMPLETE
227,0.01029050869575826,2026-06-10 23:36:42.233695,2026-06-10 23:36:43.454124,0 days 00:00:01.220429,0.31172787113504563,0.0,0.38397406668743944,0.36280878541727607,COMPLETE
228,0.008248377412151276,2026-06-10 23:36:43.457700,2026-06-10 23:36:44.868909,0 days 00:00:01.411209,0.31385866662771794,0.0,0.38908425080543213,0.36335531787185105,COMPLETE
229,0.005728311529108358,2026-06-10 23:36:44.870320,2026-06-10 23:36:46.485021,0 days 00:00:01.614701,0.3159237487150241,0.0,0.395018994621125,0.36387194396256134,COMPLETE
230,0.11914167136800892,2026-06-10 23:36:46.486212,2026-06-10 23:36:48.002262,0 days 00:00:01.516050,0.9999999999999999,0.0,0.38953172465872854,0.922785147444463,COMPLETE
231,0.09480760935529392,2026-06-10 23:36:48.003504,2026-06-10 23:36:49.360577,0 days 00:00:01.357073,0.8251909868692178,0.044159698747066926,0.49134649090022825,0.9441329449154442,COMPLETE
232,0.15467625611004202,2026-06-10 23:36:49.363595,2026-06-10 23:36:50.751980,0 days 00:00:01.388385,0.9999999999999999,0.0,0.5832600228239325,0.877955011736312,COMPLETE
233,0.0024609356810073647,2026-06-10 23:36:50.754304,2026-06-10 23:36:51.915473,0 days 00:00:01.161169,0.33533070647136876,0.0,0.4177619988811169,0.3592762539881393,COMPLETE
234,0.14230330155771623,2026-06-10 23:36:51.916683,2026-06-10 23:36:53.303991,0 days 00:00:01.387308,0.6076521455949969,0.0,0.4538008508416867,0.8103832114976272,COMPLETE
235,0.002417163651478528,2026-06-10 23:36:53.306828,2026-06-10 23:36:54.537498,0 days 00:00:01.230670,0.33825273276902995,0.0,0.4207909781335875,0.36182502468708644,COMPLETE
236,0.24635518462116773,2026-06-10 23:36:54.538674,2026-06-10 23:36:56.001931,0 days 00:00:01.463257,0.489430314316806,0.0,0.0,0.4628300900393269,COMPLETE
237,0.12167708486150054,2026-06-10 23:36:56.003103,2026-06-10 23:36:57.823549,0 days 00:00:01.820446,0.04768295993281292,0.0,0.4237150012335359,0.07351320841315744,COMPLETE
238,0.23918665408233794,2026-06-10 23:36:57.824976,2026-06-10 23:36:59.617983,0 days 00:00:01.793007,0.0,0.16524376480154954,0.15883454965817415,0.13042678827950635,COMPLETE
239,0.2935429195108839,2026-06-10 23:36:59.619550,2026-06-10 23:37:01.287393,0 days 00:00:01.667843,0.15260285526826767,0.26121344118503464,0.2305422862867185,0.33445638055628574,COMPLETE
240,0.34692939255851524,2026-06-10 23:37:01.290332,2026-06-10 23:37:02.844263,0 days 00:00:01.553931,0.41595818579854293,0.13616654553687424,0.5537059391119583,0.0,COMPLETE
241,0.0071349203621556565,2026-06-10 23:37:02.845438,2026-06-10 23:37:04.415497,0 days 00:00:01.570059,0.35560975601375977,0.0816735806846693,0.3112272734054226,0.305679477099016,COMPLETE
242,0.04007751147575478,2026-06-10 23:37:04.416762,2026-06-10 23:37:06.061750,0 days 00:00:01.644988,0.4979526830453282,0.0,0.3073017777407108,0.5347188154528866,COMPLETE
243,0.28719472725007505,2026-06-10 23:37:06.062903,2026-06-10 23:37:07.560884,0 days 00:00:01.497981,0.5004987102644174,0.16073903148048463,0.044485695273839346,0.281573497064037,COMPLETE
244,0.0027407783323872164,2026-06-10 23:37:07.562097,2026-06-10 23:37:08.779653,0 days 00:00:01.217556,0.32747297690132443,0.0,0.37798039432990943,0.3457650706602719,COMPLETE
245,0.36023145247058463,2026-06-10 23:37:08.780887,2026-06-10 23:37:10.553155,0 days 00:00:01.772268,0.4074478235207707,0.0,0.8078538684954563,0.4645947043219727,COMPLETE
246,0.002536489875199263,2026-06-10 23:37:10.555414,2026-06-10 23:37:12.115404,0 days 00:00:01.559990,0.33073298727415446,0.0,0.38321603789201747,0.34575959107810306,COMPLETE
247,0.16164816416378802,2026-06-10 23:37:12.118450,2026-06-10 23:37:13.766362,0 days 00:00:01.647912,0.10745143867553528,0.4142112901179504,0.0,0.0,COMPLETE
248,0.24056765567675997,2026-06-10 23:37:13.768320,2026-06-10 23:37:15.556882,0 days 00:00:01.788562,0.0,0.031168291350193656,0.3539588507094376,0.3167386708624208,COMPLETE
249,0.006706574322472489,2026-06-10 23:37:15.558022,2026-06-10 23:37:17.165389,0 days 00:00:01.607367,0.6446820434632284,0.0,0.43957884394981644,0.6578939019453051,COMPLETE
250,0.007270287694980385,2026-06-10 23:37:17.169249,2026-06-10 23:37:18.808266,0 days 00:00:01.639017,0.3416373405677013,0.03697539123360697,0.3837801624362069,0.3009037202928739,COMPLETE
251,0.03596308188641017,2026-06-10 23:37:18.809946,2026-06-10 23:37:20.519003,0 days 00:00:01.709057,0.5576547404653727,0.0,0.42642075093972365,0.6160119601953852,COMPLETE
252,0.01716737604157432,2026-06-10 23:37:20.520418,2026-06-10 23:37:21.792684,0 days 00:00:01.272266,0.3036433306318869,0.06126534856779969,0.3443145246277829,0.32058192923703066,COMPLETE
253,0.2714866051161368,2026-06-10 23:37:21.793854,2026-06-10 23:37:23.366381,0 days 00:00:01.572527,0.5156835464664764,0.2811021241151124,0.2547424178542449,0.26042242172330016,COMPLETE
254,0.13017755788336174,2026-06-10 23:37:23.369945,2026-06-10 23:37:24.718522,0 days 00:00:01.348577,0.4483819669637251,0.0,0.12523928215265995,0.3443771478188431,COMPLETE
255,0.2395006180049179,2026-06-10 23:37:24.721337,2026-06-10 23:37:26.532621,0 days 00:00:01.811284,0.0,0.0,0.5021177605840988,0.2050827991348084,COMPLETE
256,0.09940632434587372,2026-06-10 23:37:26.534083,2026-06-10 23:37:29.095925,0 days 00:00:02.561842,0.08755052459072549,0.07463136592579113,0.3022933211207805,0.17916295757302045,COMPLETE
257,0.08537087765262207,2026-06-10 23:37:29.097203,2026-06-10 23:37:31.707710,0 days 00:00:02.610507,0.07306800552662061,0.0,0.044150349030791416,0.0,COMPLETE
258,0.0026156351877436555,2026-06-10 23:37:31.708851,2026-06-10 23:37:32.819255,0 days 00:00:01.110404,0.33859058947541487,0.0,0.3753128229793614,0.3480616571845648,COMPLETE
259,0.051834449161583133,2026-06-10 23:37:32.821236,2026-06-10 23:37:34.241028,0 days 00:00:01.419792,0.722979805743179,0.0,0.41753524126481867,0.6420575132682217,COMPLETE
260,0.002692750297136213,2026-06-10 23:37:34.242478,2026-06-10 23:37:35.455806,0 days 00:00:01.213328,0.33856452718756774,0.0,0.37664009108488333,0.3467117593172907,COMPLETE
261,0.012342774521688487,2026-06-10 23:37:35.458943,2026-06-10 23:37:36.929536,0 days 00:00:01.470593,0.8394972088919009,0.0,0.46624851862004507,0.8254909570936354,COMPLETE
262,0.032616382705573495,2026-06-10 23:37:36.930673,2026-06-10 23:37:38.386801,0 days 00:00:01.456128,0.9563056696421262,0.0,0.5115335225863991,0.9999999999999999,COMPLETE
263,0.1514361648588166,2026-06-10 23:37:38.387969,2026-06-10 23:37:39.877144,0 days 00:00:01.489175,0.18068869199838475,0.16843683641564394,0.46544710177628135,0.2175610946590136,COMPLETE
264,0.0926807924266195,2026-06-10 23:37:39.878161,2026-06-10 23:37:42.484409,0 days 00:00:02.606248,0.02876185076026317,0.0860567308157651,0.2401944118608132,0.0,COMPLETE
265,0.0676268874590008,2026-06-10 23:37:42.487454,2026-06-10 23:37:44.719243,0 days 00:00:02.231789,0.7681152205280259,0.06893887523754588,0.48892919635019944,0.7632410622296105,COMPLETE
266,0.4741901680806548,2026-06-10 23:37:44.722469,2026-06-10 23:37:45.901708,0 days 00:00:01.179239,0.1604671765638446,0.383665292991691,0.44882307041788994,0.6018562081216646,COMPLETE
267,0.10957379271331687,2026-06-10 23:37:45.903486,2026-06-10 23:37:47.546498,0 days 00:00:01.643012,0.6196947848821031,0.0,0.559263693165888,0.699762419552474,COMPLETE
268,0.055315732031973715,2026-06-10 23:37:47.549350,2026-06-10 23:37:48.944346,0 days 00:00:01.394996,0.6412253719551023,0.06638544484415328,0.44900337529740547,0.661445189232881,COMPLETE
269,0.11904927465357573,2026-06-10 23:37:48.946524,2026-06-10 23:37:50.544661,0 days 00:00:01.598137,0.0,0.5767824752740113,0.4535197410045608,0.0,COMPLETE
270,0.085240711033469,2026-06-10 23:37:50.546409,2026-06-10 23:37:51.846102,0 days 00:00:01.299693,0.4518073251051601,0.0726112879591257,0.2664291228669969,0.28492459134726206,COMPLETE
271,0.2916923059031957,2026-06-10 23:37:51.847551,2026-06-10 23:37:53.848208,0 days 00:00:02.000657,0.8329780577455523,0.0,0.32092827989610995,0.4183907924282111,COMPLETE
272,0.30541122071234406,2026-06-10 23:37:53.849540,2026-06-10 23:37:55.662935,0 days 00:00:01.813395,0.34958410354908936,0.18535661828583055,0.015172804529524582,0.37246506868113194,COMPLETE
273,0.046174257695069665,2026-06-10 23:37:55.664263,2026-06-10 23:37:57.951252,0 days 00:00:02.286989,0.785173640645666,0.0,0.47466404799185663,0.851046207835762,COMPLETE
274,0.23292431879465442,2026-06-10 23:37:57.952353,2026-06-10 23:37:59.457343,0 days 00:00:01.504990,0.7281260806603491,0.18481735336330204,0.46745389720284164,0.3892431217414668,COMPLETE
275,0.054917840548831524,2026-06-10 23:37:59.459628,2026-06-10 23:38:01.197534,0 days 00:00:01.737906,0.897914967421189,0.0,0.4377114115246036,0.8542345410271527,COMPLETE
276,0.30485671074730714,2026-06-10 23:38:01.198744,2026-06-10 23:38:02.716422,0 days 00:00:01.517678,0.6676943335728033,0.0,0.609470426862547,0.2909840928797395,COMPLETE
277,0.2486533625299105,2026-06-10 23:38:02.717775,2026-06-10 23:38:04.330048,0 days 00:00:01.612273,0.943750806617546,0.11134325839583781,0.592466000931911,0.7528257181918913,COMPLETE
278,0.3367774862808671,2026-06-10 23:38:04.332925,2026-06-10 23:38:05.994686,0 days 00:00:01.661761,0.48115515013375143,0.0,0.28626060830043,0.900492646042203,COMPLETE
279,0.09013046723416591,2026-06-10 23:38:05.996315,2026-06-10 23:38:07.597633,0 days 00:00:01.601318,0.36037526794340735,0.15162659251750904,0.36871195044695537,0.21114842376814794,COMPLETE
280,0.07706569850175418,2026-06-10 23:38:07.599213,2026-06-10 23:38:09.151187,0 days 00:00:01.551974,0.13496799379754795,0.0,0.3011036866373357,0.09862307565843285,COMPLETE
281,0.19905290107432,2026-06-10 23:38:09.152306,2026-06-10 23:38:11.312124,0 days 00:00:02.159818,0.2838140664353052,0.04465603838756335,0.32212347932136126,0.0,COMPLETE
282,0.15529178038683653,2026-06-10 23:38:11.314435,2026-06-10 23:38:13.063040,0 days 00:00:01.748605,0.4381186118921114,0.1461010863246994,0.5227542228906533,0.5228422716324505,COMPLETE
283,0.07640508080937815,2026-06-10 23:38:13.064218,2026-06-10 23:38:14.481506,0 days 00:00:01.417288,0.9999999999999999,0.0,0.42500976221600634,0.9999999999999999,COMPLETE
284,0.2886821737606282,2026-06-10 23:38:14.482880,2026-06-10 23:38:16.051833,0 days 00:00:01.568953,0.5589019982111172,0.187535392809294,0.3026422593033411,0.8099036089536521,COMPLETE
285,0.04892461664426983,2026-06-10 23:38:16.054603,2026-06-10 23:38:17.670118,0 days 00:00:01.615515,0.8720167653053107,0.0,0.5289320747762097,0.8629593098390844,COMPLETE
286,0.009087649094078925,2026-06-10 23:38:17.671266,2026-06-10 23:38:19.130862,0 days 00:00:01.459596,0.6331678941753998,0.0,0.4246452588150931,0.6174325427435428,COMPLETE
287,0.060781423941700795,2026-06-10 23:38:19.132063,2026-06-10 23:38:21.010962,0 days 00:00:01.878899,0.8313227271719813,0.0,0.48008303922989487,0.7600257558473498,COMPLETE
288,0.2848916395069095,2026-06-10 23:38:21.012353,2026-06-10 23:38:22.966164,0 days 00:00:01.953811,0.3193170627294991,0.5238881740004329,0.28697621766701187,0.0,COMPLETE
289,0.056022090779765464,2026-06-10 23:38:22.967635,2026-06-10 23:38:25.162067,0 days 00:00:02.194432,0.6166739512429399,0.0,0.3517146274771191,0.668739316126473,COMPLETE
290,0.0754879486962415,2026-06-10 23:38:25.163343,2026-06-10 23:38:26.953446,0 days 00:00:01.790103,0.1947620018890557,0.10300744061452662,0.30155369315859626,0.1318540138166879,COMPLETE
291,0.3733383818611828,2026-06-10 23:38:26.954578,2026-06-10 23:38:28.696337,0 days 00:00:01.741759,0.2569937177951106,0.0,0.180650578482141,0.7291044348738662,COMPLETE
292,0.00279246343181465,2026-06-10 23:38:28.697789,2026-06-10 23:38:30.063831,0 days 00:00:01.366042,0.33988478033779357,0.0,0.38972025340636934,0.3511625257355199,COMPLETE
293,0.13615034341144253,2026-06-10 23:38:30.065390,2026-06-10 23:38:31.581911,0 days 00:00:01.516521,0.6969271411775442,0.0,0.2462426600821466,0.5367423388457164,COMPLETE
294,0.01842477887607654,2026-06-10 23:38:31.583094,2026-06-10 23:38:33.413234,0 days 00:00:01.830140,0.0,0.7469038476096885,0.24357412950723123,0.0,COMPLETE
295,0.019622426741069964,2026-06-10 23:38:33.414618,2026-06-10 23:38:35.381188,0 days 00:00:01.966570,0.9289361242297494,0.0,0.4843448006935087,0.95620785712714,COMPLETE
296,0.018692011412068922,2026-06-10 23:38:35.386210,2026-06-10 23:38:37.080735,0 days 00:00:01.694525,0.4089805939021657,0.03121991652191289,0.2570744976137985,0.39165968250094846,COMPLETE
297,0.4093941501072721,2026-06-10 23:38:37.082257,2026-06-10 23:38:39.679780,0 days 00:00:02.597523,0.453666303144722,0.012822489411840339,0.657366758120749,0.969651589735355,COMPLETE
298,0.222913740212144,2026-06-10 23:38:39.681033,2026-06-10 23:38:41.224338,0 days 00:00:01.543305,0.6092454937925534,0.0,0.6548725978122786,0.44744939651893834,COMPLETE
299,6.17810127530564e-05,2026-06-10 23:38:41.227136,2026-06-10 23:38:42.561725,0 days 00:00:01.334589,0.36834641579491034,0.02352220752893989,0.33212723100264013,0.35272978088320217,COMPLETE
300,0.13430983313231246,2026-06-10 23:38:42.562918,2026-06-10 23:38:43.961045,0 days 00:00:01.398127,0.16632353985042458,0.0,0.4955210313158787,0.3403460844384562,COMPLETE
301,0.0038853690893509455,2026-06-10 23:38:43.962502,2026-06-10 23:38:45.516923,0 days 00:00:01.554421,0.4947285260225704,0.0,0.449070003149059,0.5127272846335955,COMPLETE
302,0.05435197925090971,2026-06-10 23:38:45.519463,2026-06-10 23:38:47.056358,0 days 00:00:01.536895,0.050364073094219176,0.6658202544851464,0.1629557766524091,0.0,COMPLETE
303,0.4354036456746725,2026-06-10 23:38:47.057578,2026-06-10 23:38:48.543277,0 days 00:00:01.485699,0.9999999999999999,0.059915385292521224,0.12823229229029032,0.6210787418651545,COMPLETE
304,0.00017739903120282005,2026-06-10 23:38:48.544573,2026-06-10 23:38:50.234848,0 days 00:00:01.690275,0.3080766080384669,0.06253821464546082,0.3820515010241612,0.28569734291011323,COMPLETE
305,0.5491484572692635,2026-06-10 23:38:50.236200,2026-06-10 23:38:52.152792,0 days 00:00:01.916592,0.0,0.49286398660638053,0.349322527644286,0.36665523541644374,COMPLETE
306,0.10047366502810488,2026-06-10 23:38:52.156206,2026-06-10 23:38:54.077670,0 days 00:00:01.921464,0.8186124180751574,0.09702549305332653,0.44388440441437377,0.8436755385693419,COMPLETE
307,0.2709685560118438,2026-06-10 23:38:54.079198,2026-06-10 23:38:55.915636,0 days 00:00:01.836438,0.41171192213861846,0.0,0.40137246161956525,0.7964085730305337,COMPLETE
308,0.03812971309804566,2026-06-10 23:38:55.917895,2026-06-10 23:38:57.257871,0 days 00:00:01.339976,0.08935263275849178,0.10864876615186846,0.26489468493103197,0.09469166209272728,COMPLETE
309,0.00014127655386661324,2026-06-10 23:38:57.259104,2026-06-10 23:38:58.817320,0 days 00:00:01.558216,0.3447433250678103,0.064148496453336,0.3647714298286483,0.3118750998836181,COMPLETE
310,0.003758204218015356,2026-06-10 23:38:58.818804,2026-06-10 23:39:00.758382,0 days 00:00:01.939578,0.2803554763316506,0.05526651702899254,0.41944239771868536,0.2954565431398743,COMPLETE
311,0.036763966145003886,2026-06-10 23:39:00.759575,2026-06-10 23:39:02.333220,0 days 00:00:01.573645,0.0,0.6786115508273498,0.24180591394961456,0.0,COMPLETE
312,0.02091365730750835,2026-06-10 23:39:02.334428,2026-06-10 23:39:04.285766,0 days 00:00:01.951338,0.0,0.916040469565797,0.1696744523899397,0.0,COMPLETE
313,0.002906839857296756,2026-06-10 23:39:04.289380,2026-06-10 23:39:06.297376,0 days 00:00:02.007996,0.52386907592402,0.0,0.4002143502665149,0.5356814452955188,COMPLETE
314,0.0024703074319330355,2026-06-10 23:39:06.300379,2026-06-10 23:39:08.080593,0 days 00:00:01.780214,0.3741049194207765,0.0,0.3655838716362079,0.3798996527230576,COMPLETE
315,0.4649393413842274,2026-06-10 23:39:08.081830,2026-06-10 23:39:09.595017,0 days 00:00:01.513187,0.7158908535033592,0.0,0.13899235222579243,0.058072308802131434,COMPLETE
316,0.022496572939176798,2026-06-10 23:39:09.596383,2026-06-10 23:39:11.436162,0 days 00:00:01.839779,0.712286300663203,0.0,0.4869918429995012,0.7337086956989993,COMPLETE
317,0.00013518811544344385,2026-06-10 23:39:11.439870,2026-06-10 23:39:13.206753,0 days 00:00:01.766883,0.31991148228331034,0.04966946746363594,0.3759454931816325,0.30591611499840604,COMPLETE
318,0.00012125079052998805,2026-06-10 23:39:13.209640,2026-06-10 23:39:15.303460,0 days 00:00:02.093820,0.3255314870130553,0.05015456682544089,0.3742876567785073,0.3103891749742006,COMPLETE
319,0.04510140534158257,2026-06-10 23:39:15.304589,2026-06-10 23:39:17.068156,0 days 00:00:01.763567,0.45250618901444056,0.0,0.49679225449387276,0.4687311197613461,COMPLETE
320,0.02871577196625114,2026-06-10 23:39:17.071700,2026-06-10 23:39:19.011403,0 days 00:00:01.939703,0.47324484526454763,0.04773410834360795,0.40259913289245364,0.49060215932080464,COMPLETE
321,0.2426996197612042,2026-06-10 23:39:19.012257,2026-06-10 23:39:21.126963,0 days 00:00:02.114706,0.6347577963855496,0.12812504811264278,0.08061550656877327,0.4188063115096169,COMPLETE
322,0.07030638907446826,2026-06-10 23:39:21.128257,2026-06-10 23:39:22.730145,0 days 00:00:01.601888,0.4091792886843085,0.10603937998990455,0.23509079672258737,0.355784634772521,COMPLETE
323,0.0025433111485401675,2026-06-10 23:39:22.732510,2026-06-10 23:39:24.268240,0 days 00:00:01.535730,0.37117369884006124,0.0,0.38159819813153906,0.3819106154563737,COMPLETE
324,0.05479656622095576,2026-06-10 23:39:24.269455,2026-06-10 23:39:25.826056,0 days 00:00:01.556601,0.4767904101362185,0.0,0.18952350220920416,0.43493062109113245,COMPLETE
325,0.05179918212964237,2026-06-10 23:39:25.827250,2026-06-10 23:39:27.344631,0 days 00:00:01.517381,0.0,0.18902417074334363,0.3196898009996875,0.024835160326169666,COMPLETE
326,0.14411799688712304,2026-06-10 23:39:27.346099,2026-06-10 23:39:28.884598,0 days 00:00:01.538499,0.16207663835034,0.11883670567369231,0.18422323300725837,0.09337325324675387,COMPLETE
327,0.00015656236671523797,2026-06-10 23:39:28.887308,2026-06-10 23:39:30.304425,0 days 00:00:01.417117,0.3232345228897387,0.06426532690820085,0.37088229809793904,0.2947101424031093,COMPLETE
328,0.00022138885673725372,2026-06-10 23:39:30.306292,2026-06-10 23:39:32.339380,0 days 00:00:02.033088,0.3196423699226995,0.044959807849835706,0.3731674774293336,0.30770013028318505,COMPLETE
329,0.010215106586478439,2026-06-10 23:39:32.342401,2026-06-10 23:39:34.319347,0 days 00:00:01.976946,0.6665207872624239,0.0,0.47131775040088286,0.6539731000824075,COMPLETE
330,0.016424220349307496,2026-06-10 23:39:34.323544,2026-06-10 23:39:35.907715,0 days 00:00:01.584171,0.0,0.8166040342582664,0.17262056988175642,0.0,COMPLETE
331,0.003392189165528713,2026-06-10 23:39:35.908920,2026-06-10 23:39:37.817936,0 days 00:00:01.909016,0.0,0.9999999999999999,0.31147090629361857,0.0,COMPLETE
332,0.013252989063571988,2026-06-10 23:39:37.819129,2026-06-10 23:39:39.360971,0 days 00:00:01.541842,0.49253141478189716,0.0,0.40580515627420666,0.522408834822988,COMPLETE
333,0.003999699297040851,2026-06-10 23:39:39.364091,2026-06-10 23:39:40.738366,0 days 00:00:01.374275,0.5527791011370891,0.0,0.41836014274036054,0.5486877159277213,COMPLETE
334,0.00019746241430950435,2026-06-10 23:39:40.739568,2026-06-10 23:39:42.291487,0 days 00:00:01.551919,0.32440489225701463,0.04529026584858487,0.373467896949312,0.31180795777634374,COMPLETE
335,0.013524379774633166,2026-06-10 23:39:42.292637,2026-06-10 23:39:43.970938,0 days 00:00:01.678301,0.9999999999999999,0.0,0.5188539410005241,0.9999999999999999,COMPLETE
336,0.0,2026-06-10 23:39:43.972091,2026-06-10 23:39:45.821705,0 days 00:00:01.849614,0.0,0.0,0.0,0.0,COMPLETE
337,0.4602595362851457,2026-06-10 23:39:45.823418,2026-06-10 23:39:47.854290,0 days 00:00:02.030872,0.7685103087387359,0.0,0.916538214581622,0.9999999999999999,COMPLETE
338,0.00024454049439819785,2026-06-10 23:39:47.855715,2026-06-10 23:39:49.808749,0 days 00:00:01.953034,0.332394993401953,0.07536422378420617,0.36892599467594306,0.2979978147623703,COMPLETE
339,0.301471037533867,2026-06-10 23:39:49.812792,2026-06-10 23:39:51.702412,0 days 00:00:01.889620,0.25136458090743957,0.05324811986913534,0.13483783335249527,0.5877133002136234,COMPLETE
340,0.015296110707968392,2026-06-10 23:39:51.703695,2026-06-10 23:39:53.288838,0 days 00:00:01.585143,0.7716796789821971,0.0,0.4619560813224875,0.7916368857197832,COMPLETE
341,0.16584092495592223,2026-06-10 23:39:53.290069,2026-06-10 23:39:55.297364,0 days 00:00:02.007295,0.9999999999999999,0.0,0.6718321014713348,0.9999999999999999,COMPLETE
342,0.009864573303947598,2026-06-10 23:39:55.298652,2026-06-10 23:39:56.779050,0 days 00:00:01.480398,0.529288765231961,0.0,0.44548777186837324,0.5152164214652819,COMPLETE
343,0.04868451029217183,2026-06-10 23:39:56.780232,2026-06-10 23:39:58.106718,0 days 00:00:01.326486,0.3693929009099256,0.0,0.21257970775989168,0.3821989764191388,COMPLETE
344,0.0961073244946165,2026-06-10 23:39:58.108213,2026-06-10 23:39:59.774514,0 days 00:00:01.666301,0.0,0.8962142540620845,0.38858932042493477,0.0,COMPLETE
345,0.00017639085049583387,2026-06-10 23:39:59.776934,2026-06-10 23:40:01.942311,0 days 00:00:02.165377,0.3240714735281255,0.04741439446293617,0.37318703089225336,0.3105360573700642,COMPLETE
346,0.021117896396661704,2026-06-10 23:40:01.944401,2026-06-10 23:40:04.098819,0 days 00:00:02.154418,0.0,0.9079071307460745,0.27533607826557766,1.6434445962542503e-18,COMPLETE
347,0.00013363021114834464,2026-06-10 23:40:04.101443,2026-06-10 23:40:05.509878,0 days 00:00:01.408435,0.33583085734243495,0.04319290008607466,0.3669682909468159,0.32027260738668073,COMPLETE
348,0.0001330110240120461,2026-06-10 23:40:05.511005,2026-06-10 23:40:07.136387,0 days 00:00:01.625382,0.3668372839630126,0.00595046417606382,0.38482102717567623,0.3784310708642568,COMPLETE
349,0.00020231868333140835,2026-06-10 23:40:07.137642,2026-06-10 23:40:08.768222,0 days 00:00:01.630580,0.32001155261986813,0.07033087110305401,0.37560758980854736,0.2891212006800819,COMPLETE
350,0.0,2026-06-10 23:40:08.771008,2026-06-10 23:40:10.545186,0 days 00:00:01.774178,0.0,0.0,0.0,0.0,COMPLETE
351,5.438686468936248e-05,2026-06-10 23:40:10.546431,2026-06-10 23:40:12.212686,0 days 00:00:01.666255,0.3196262962542542,0.048141663118822474,0.3764868257962402,0.30743031463261455,COMPLETE
352,0.00048523467290338874,2026-06-10 23:40:12.214384,2026-06-10 23:40:14.066354,0 days 00:00:01.851970,0.32695473872729675,0.07605956128875041,0.37428608239804295,0.29201801120174126,COMPLETE
353,0.00014881144296182813,2026-06-10 23:40:14.068422,2026-06-10 23:40:16.339088,0 days 00:00:02.270666,0.36276688564162074,0.010147750487191515,0.3839693503532297,0.37323728111245746,COMPLETE
354,4.17082631585237e-05,2026-06-10 23:40:16.343851,2026-06-10 23:40:18.281952,0 days 00:00:01.938101,0.3377760793850716,0.04468459803938161,0.366770346985807,0.32060341268449016,COMPLETE
355,0.00014267305444739097,2026-06-10 23:40:18.283346,2026-06-10 23:40:20.001545,0 days 00:00:01.718199,0.31887701585293105,0.050172907560934295,0.3780815461184051,0.30618403361357793,COMPLETE
356,0.08021839613126579,2026-06-10 23:40:20.004483,2026-06-10 23:40:21.939259,0 days 00:00:01.934776,0.8561986010935657,0.0,0.4148136382648304,0.9236645748779133,COMPLETE
357,0.055601270865991155,2026-06-10 23:40:21.940718,2026-06-10 23:40:23.838427,0 days 00:00:01.897709,0.17105799017657172,0.0,0.4271792811464925,0.23101294634806238,COMPLETE
358,0.007395242441006801,2026-06-10 23:40:23.839576,2026-06-10 23:40:25.448824,0 days 00:00:01.609248,0.3415484961608537,0.07682022930278659,0.3585162799686184,0.2870725144818647,COMPLETE
359,0.36925848543834544,2026-06-10 23:40:25.450009,2026-06-10 23:40:27.211078,0 days 00:00:01.761069,0.6525415364383049,0.2147982240773748,0.7111396114331391,0.9204888476317952,COMPLETE
360,0.0025640370900105606,2026-06-10 23:40:27.212216,2026-06-10 23:40:29.419119,0 days 00:00:02.206903,0.3711471636108756,0.0,0.3843291309676587,0.3834903589023135,COMPLETE
361,5.261745126568943e-05,2026-06-10 23:40:29.421719,2026-06-10 23:40:31.794025,0 days 00:00:02.372306,0.3507965268989161,0.0284486528811401,0.3462161682975739,0.33372050559258803,COMPLETE
362,0.00014449353054787035,2026-06-10 23:40:31.795188,2026-06-10 23:40:33.488034,0 days 00:00:01.692846,0.34088896842893496,0.038234418893019886,0.3650245877772661,0.3280071797868553,COMPLETE
363,0.00012662354206245696,2026-06-10 23:40:33.489175,2026-06-10 23:40:35.211016,0 days 00:00:01.721841,0.3149418816782079,0.04254869125795248,0.38712870099991514,0.31220690153101943,COMPLETE
364,0.000201791625704883,2026-06-10 23:40:35.215166,2026-06-10 23:40:37.054538,0 days 00:00:01.839372,0.31983011553369317,0.044409533015826314,0.38213612184892076,0.3133248431051487,COMPLETE
365,0.00021682945867128144,2026-06-10 23:40:37.057144,2026-06-10 23:40:38.747449,0 days 00:00:01.690305,0.3560628904266415,0.0232101410645876,0.3365876787001148,0.3370082227256824,COMPLETE
366,0.0001617841669297879,2026-06-10 23:40:38.748640,2026-06-10 23:40:40.498741,0 days 00:00:01.750101,0.34983407590837695,0.02679722522234121,0.36329696955420526,0.3445514014790582,COMPLETE
367,0.0,2026-06-10 23:40:40.499957,2026-06-10 23:40:42.651173,0 days 00:00:02.151216,0.0,0.0,0.0,0.0,COMPLETE
368,0.0,2026-06-10 23:40:42.652502,2026-06-10 23:40:44.506754,0 days 00:00:01.854252,0.0,0.0,0.0,0.0,COMPLETE
369,0.040732366669291385,2026-06-10 23:40:44.507984,2026-06-10 23:40:46.684971,0 days 00:00:02.176987,0.8845744632003659,0.0,0.5147671802762172,0.9281588694357841,COMPLETE
370,0.3389564584888153,2026-06-10 23:40:46.686117,2026-06-10 23:40:48.827582,0 days 00:00:02.141465,0.974230205165575,0.0,0.15519087359314573,0.9999999999999999,COMPLETE
371,0.38494237977477025,2026-06-10 23:40:48.829069,2026-06-10 23:40:50.549464,0 days 00:00:01.720395,0.8296737039728799,0.0,0.08390309454819232,0.8112915127921264,COMPLETE
372,0.3850640432240382,2026-06-10 23:40:50.550580,2026-06-10 23:40:52.375040,0 days 00:00:01.824460,0.9942389826929522,0.0,0.7979484443782406,0.7857059592042341,COMPLETE
373,0.0034022717389811667,2026-06-10 23:40:52.376434,2026-06-10 23:40:54.067328,0 days 00:00:01.690894,0.5731007630189688,0.0,0.38742008674108025,0.567732402592101,COMPLETE
374,0.00018084151615356447,2026-06-10 23:40:54.068458,2026-06-10 23:40:55.665157,0 days 00:00:01.596699,0.31211045806791626,0.04436778789108875,0.38908401552822125,0.3096676380797079,COMPLETE
375,0.0,2026-06-10 23:40:55.666747,2026-06-10 23:40:57.733183,0 days 00:00:02.066436,0.0,0.0,0.0,0.0,COMPLETE
376,0.3685971356898106,2026-06-10 23:40:57.734356,2026-06-10 23:40:59.741082,0 days 00:00:02.006726,0.8681352557461414,0.0,0.4596340910761723,0.321732845225154,COMPLETE
377,0.01543792838687006,2026-06-10 23:40:59.742257,2026-06-10 23:41:01.580681,0 days 00:00:01.838424,0.0,0.9999999999999999,0.23458323515500934,0.0,COMPLETE
378,0.016154150982703883,2026-06-10 23:41:01.581880,2026-06-10 23:41:03.558775,0 days 00:00:01.976895,0.11503226168096643,0.08679131531380906,0.35745191920479347,0.11026541427789999,COMPLETE
379,0.5242292448567498,2026-06-10 23:41:03.560400,2026-06-10 23:41:05.318250,0 days 00:00:01.757850,0.9999999999999999,0.4269511019942289,0.3648222512120513,0.6162006717022227,COMPLETE
380,0.01127319452250556,2026-06-10 23:41:05.321040,2026-06-10 23:41:07.292676,0 days 00:00:01.971636,0.41358881277126286,0.0,0.2681389701864689,0.3626278560132832,COMPLETE
381,0.0,2026-06-10 23:41:07.297455,2026-06-10 23:41:09.060829,0 days 00:00:01.763374,0.0,0.0,0.0,0.0,COMPLETE
382,0.07395208181489361,2026-06-10 23:41:09.063768,2026-06-10 23:41:10.890822,0 days 00:00:01.827054,0.04011104147908264,0.5359267977138052,0.0837993179093208,0.0,COMPLETE
383,0.3013717432300242,2026-06-10 23:41:10.892242,2026-06-10 23:41:13.463863,0 days 00:00:02.571621,0.6842061370063991,0.0,0.7617900624068548,0.7899141049070204,COMPLETE
384,8.180554843193021e-05,2026-06-10 23:41:13.465762,2026-06-10 23:41:15.070945,0 days 00:00:01.605183,0.3059300824140864,0.03756260744907561,0.4019802081944701,0.3131824475468904,COMPLETE
385,0.00020202020202020202,2026-06-10 23:41:15.072699,2026-06-10 23:41:16.858459,0 days 00:00:01.785760,0.0,0.9999999999999999,0.0,0.0,COMPLETE
386,0.4204089654537336,2026-06-10 23:41:16.859870,2026-06-10 23:41:18.675773,0 days 00:00:01.815903,0.4202714041783123,0.7139614418731539,0.0,0.0,COMPLETE
387,0.1277800310424696,2026-06-10 23:41:18.677131,2026-06-10 23:41:20.913477,0 days 00:00:02.236346,0.1277798713454215,0.9999999999999999,0.0,0.0,COMPLETE
388,0.00015250561313426874,2026-06-10 23:41:20.914872,2026-06-10 23:41:22.409260,0 days 00:00:01.494388,0.33900306693787297,0.04435321745149866,0.3667778837510646,0.32312941663111816,COMPLETE
389,0.02398194624885335,2026-06-10 23:41:22.410470,2026-06-10 23:41:25.061999,0 days 00:00:02.651529,0.0,0.9999999999999999,0.05978903282870379,0.0,COMPLETE
390,0.3140135308949748,2026-06-10 23:41:25.064170,2026-06-10 23:41:27.080013,0 days 00:00:02.015843,0.3295961534050499,0.21351626842241075,0.2760291216271844,0.6394970640485703,COMPLETE
391,0.00020202020202020202,2026-06-10 23:41:27.081319,2026-06-10 23:41:28.793323,0 days 00:00:01.712004,0.0,0.9999999999999999,0.0,0.0,COMPLETE
392,0.00021238968082011036,2026-06-10 23:41:28.794584,2026-06-10 23:41:30.530429,0 days 00:00:01.735845,0.3053810027454925,0.06923510109085469,0.40271533428993606,0.2902657208821376,COMPLETE
393,0.29967082607966794,2026-06-10 23:41:30.532680,2026-06-10 23:41:32.252031,0 days 00:00:01.719351,0.363399585274171,0.20766081094441208,0.086302439803816,0.5020098912615705,COMPLETE
394,0.0001938512821824617,2026-06-10 23:41:32.253537,2026-06-10 23:41:34.146859,0 days 00:00:01.893322,0.3625822878113014,0.020676811370771733,0.2949230029659576,0.32993027469821085,COMPLETE
395,0.0001623063953886335,2026-06-10 23:41:34.148306,2026-06-10 23:41:36.111444,0 days 00:00:01.963138,0.36796600218656045,0.012374710568521545,0.39734321247192733,0.3819783095154832,COMPLETE
396,0.05485076153468489,2026-06-10 23:41:36.112654,2026-06-10 23:41:38.700820,0 days 00:00:02.588166,0.9404750088494721,0.04809126004442147,0.4608927692898036,0.9490486911298807,COMPLETE
397,0.004272364049533385,2026-06-10 23:41:38.702387,2026-06-10 23:41:41.506778,0 days 00:00:02.804391,0.5713791175668335,0.0,0.3808072944490685,0.5622343123125971,COMPLETE
398,0.002398778969777311,2026-06-10 23:41:41.508289,2026-06-10 23:41:43.228312,0 days 00:00:01.720023,0.3630592511402766,0.017611395771377797,0.2818873163507196,0.3283453944069586,COMPLETE
399,0.00020878285290525325,2026-06-10 23:41:43.229464,2026-06-10 23:41:45.517415,0 days 00:00:02.287951,0.3082688985555786,0.07354912147708048,0.41222413800620905,0.2878743586744804,COMPLETE
400,0.0005195476392116913,2026-06-10 23:41:45.518568,2026-06-10 23:41:47.281166,0 days 00:00:01.762598,0.2902673316838257,0.07165397111657534,0.4061555537542355,0.2806349825232536,COMPLETE
401,0.00020222086062891514,2026-06-10 23:41:47.282373,2026-06-10 23:41:48.994310,0 days 00:00:01.711937,0.36302621925599393,0.024741851404325055,0.32031084886386196,0.3390328717587382,COMPLETE
402,0.10831185317526491,2026-06-10 23:41:48.995416,2026-06-10 23:41:50.971133,0 days 00:00:01.975717,0.12176721777058791,0.4630756364819505,0.4035337852729817,0.0,COMPLETE
403,0.009863170541433548,2026-06-10 23:41:50.972907,2026-06-10 23:41:54.274255,0 days 00:00:03.301348,0.31893361606690657,0.10040068361728796,0.4074641497096593,0.28099938395257706,COMPLETE
404,0.002860790933320513,2026-06-10 23:41:54.275412,2026-06-10 23:41:56.154436,0 days 00:00:01.879024,0.5208520854584774,0.0,0.41044262631771344,0.5206635002973574,COMPLETE
405,0.000245476743381977,2026-06-10 23:41:56.155590,2026-06-10 23:41:58.145837,0 days 00:00:01.990247,0.2937949185715294,0.060104913050994774,0.3980061653941309,0.28750678711495703,COMPLETE
406,0.016670542042333297,2026-06-10 23:41:58.148690,2026-06-10 23:41:59.884605,0 days 00:00:01.735915,0.9446431257106646,0.0,0.4756251927667616,0.9303266428947278,COMPLETE
407,0.00013133409073568113,2026-06-10 23:41:59.886408,2026-06-10 23:42:02.404962,0 days 00:00:02.518554,0.3629470801894886,0.012410196714930221,0.3974189274896451,0.3766825400037197,COMPLETE
408,0.00020654917243713018,2026-06-10 23:42:02.410137,2026-06-10 23:42:03.952220,0 days 00:00:01.542083,0.36200396950713565,0.025827168669640424,0.3211478233621131,0.33809719678466665,COMPLETE
409,0.00012736269415978058,2026-06-10 23:42:03.953360,2026-06-10 23:42:05.809997,0 days 00:00:01.856637,0.3012532614680074,0.04838287291581808,0.41333351697336823,0.30291894567825706,COMPLETE
410,0.003004221694929037,2026-06-10 23:42:05.812452,2026-06-10 23:42:08.236793,0 days 00:00:02.424341,0.5441332113467523,0.0,0.4178705726352129,0.5451350870938653,COMPLETE
411,0.2331994995671208,2026-06-10 23:42:08.238783,2026-06-10 23:42:10.018296,0 days 00:00:01.779513,0.6059651049248235,0.11812356000745201,0.6014322509254103,0.3720145241415759,COMPLETE
412,0.0032748402910486286,2026-06-10 23:42:10.019504,2026-06-10 23:42:12.132281,0 days 00:00:02.112777,0.5219254722134695,0.0,0.41321591407291985,0.5224455683327622,COMPLETE
413,1.329239608019611,2026-06-10 23:42:12.134149,2026-06-10 23:42:13.419098,0 days 00:00:01.284949,0.0,0.9999999999999999,0.9999999999999999,0.9999999999999999,COMPLETE
414,7.69305351261647e-05,2026-06-10 23:42:13.420383,2026-06-10 23:42:15.553871,0 days 00:00:02.133488,0.305212490921026,0.049180834630510616,0.40506657245492467,0.30315553323692557,COMPLETE
415,0.00011548359093416441,2026-06-10 23:42:15.555093,2026-06-10 23:42:17.595728,0 days 00:00:02.040635,0.3604693030102976,0.026104115213027627,0.32105606317296614,0.3358573111103773,COMPLETE
416,0.028522412528919624,2026-06-10 23:42:17.596970,2026-06-10 23:42:19.815484,0 days 00:00:02.218514,0.05172530926314598,0.08142047101279226,0.32714365561274994,0.08707723533223204,COMPLETE
417,0.0027459272825639683,2026-06-10 23:42:19.816619,2026-06-10 23:42:21.972750,0 days 00:00:02.156131,0.5453638597935762,0.0,0.4146733521384877,0.5462486988927252,COMPLETE
418,0.00016814554086581104,2026-06-10 23:42:21.974288,2026-06-10 23:42:23.620570,0 days 00:00:01.646282,0.36316608008620976,0.012418809240674792,0.3991907008313997,0.3773847814530186,COMPLETE
419,0.5135557323024714,2026-06-10 23:42:23.621859,2026-06-10 23:42:25.000308,0 days 00:00:01.378449,0.3522438786654781,0.45340488991690264,0.0,0.27895276322813917,COMPLETE
420,0.005624044862337956,2026-06-10 23:42:25.001420,2026-06-10 23:42:26.959992,0 days 00:00:01.958572,0.15255696182234066,0.05055222017016973,0.37556751439979336,0.14727795624017848,COMPLETE
421,0.03630289014143599,2026-06-10 23:42:26.961128,2026-06-10 23:42:29.050941,0 days 00:00:02.089813,0.22631874410876923,0.06363074712533179,0.4012672805683959,0.18355091396065162,COMPLETE
422,0.28437657661356136,2026-06-10 23:42:29.052469,2026-06-10 23:42:30.757876,0 days 00:00:01.705407,0.3567108825084627,0.0,0.0,0.2436800455473302,COMPLETE
423,0.00019625221970086783,2026-06-10 23:42:30.758991,2026-06-10 23:42:32.580030,0 days 00:00:01.821039,0.30627596706403126,0.04761441127705626,0.4096789531492045,0.30649484706558744,COMPLETE
424,0.00012867379848777912,2026-06-10 23:42:32.581531,2026-06-10 23:42:34.748717,0 days 00:00:02.167186,0.3050345158668804,0.055230707753554875,0.3932841589745022,0.2998846710391154,COMPLETE
425,0.0,2026-06-10 23:42:34.750145,2026-06-10 23:42:36.928198,0 days 00:00:02.178053,0.0,0.0,0.0,0.0,COMPLETE
426,0.002772101162327147,2026-06-10 23:42:36.930436,2026-06-10 23:42:38.353064,0 days 00:00:01.422628,0.565586863704584,0.0,0.39326785239231493,0.5642507586736281,COMPLETE
427,0.2674636392077757,2026-06-10 23:42:38.355941,2026-06-10 23:42:39.947888,0 days 00:00:01.591947,0.31377152796221663,0.2668337535985154,0.32249701818672755,0.0,COMPLETE
428,8.666992051610374e-05,2026-06-10 23:42:39.949348,2026-06-10 23:42:41.761419,0 days 00:00:01.812071,0.3122465184837668,0.04850054395950766,0.40391876077261857,0.30714118680935115,COMPLETE
429,0.00014294916532618527,2026-06-10 23:42:41.762548,2026-06-10 23:42:43.910254,0 days 00:00:02.147706,0.3131752498881483,0.04993482197911278,0.3990912174307145,0.3063928936765125,COMPLETE
430,0.03624078757060911,2026-06-10 23:42:43.911388,2026-06-10 23:42:45.822465,0 days 00:00:01.911077,0.10881695564633523,0.03840791790804005,0.3759810525250178,0.14259602274146754,COMPLETE
431,0.00020341212034010535,2026-06-10 23:42:45.823692,2026-06-10 23:42:48.314129,0 days 00:00:02.490437,0.3020510106064446,0.03809136876115999,0.4168683822094799,0.3127431351235857,COMPLETE
432,0.00012194198367116066,2026-06-10 23:42:48.321076,2026-06-10 23:42:51.121372,0 days 00:00:02.800296,0.36423916350905494,0.01164620331454148,0.3967740810564465,0.37717473755561637,COMPLETE
433,0.20811852752872992,2026-06-10 23:42:51.122602,2026-06-10 23:42:53.320280,0 days 00:00:02.197678,0.24349342480865108,0.0,0.4648900180336266,0.0,COMPLETE
434,0.00023390074508222952,2026-06-10 23:42:53.321450,2026-06-10 23:42:54.977962,0 days 00:00:01.656512,0.3136984091563265,0.048318411420051686,0.39983321578988,0.30792112293205215,COMPLETE
435,0.00020966908834900032,2026-06-10 23:42:54.979161,2026-06-10 23:42:57.181232,0 days 00:00:02.202071,0.30405014530381125,0.05205162162461113,0.3940465184012098,0.3007275492069915,COMPLETE
436,0.03871994645645539,2026-06-10 23:42:57.182380,2026-06-10 23:42:59.712055,0 days 00:00:02.529675,0.17529788493888326,0.04092051174768859,0.37382195472065516,0.12093339513441052,COMPLETE
437,0.2995958620314367,2026-06-10 23:42:59.713206,2026-06-10 23:43:02.272847,0 days 00:00:02.559641,0.8285467535046787,0.21881476415190343,0.6554638765141202,0.9999999999999999,COMPLETE
438,0.27701282130555405,2026-06-10 23:43:02.274761,2026-06-10 23:43:04.439046,0 days 00:00:02.164285,0.2223882339579716,0.00534219646687633,0.4041049006458856,0.6387666496597512,COMPLETE
439,0.3061261160207988,2026-06-10 23:43:04.440254,2026-06-10 23:43:06.348557,0 days 00:00:01.908303,0.513741789428686,0.0,0.39865465443948234,0.068246845062972,COMPLETE
440,0.3339053780197398,2026-06-10 23:43:06.353120,2026-06-10 23:43:08.825561,0 days 00:00:02.472441,0.6084565436873918,0.18962195389578818,0.46558115969058256,0.9999999999999999,COMPLETE
441,0.30498068635842124,2026-06-10 23:43:08.826758,2026-06-10 23:43:10.558068,0 days 00:00:01.731310,0.3653480863436365,0.0,0.7260906339198155,0.2833353136986698,COMPLETE
442,0.00020202020202020202,2026-06-10 23:43:10.559415,2026-06-10 23:43:11.866301,0 days 00:00:01.306886,0.0,0.9999999999999999,0.0,0.0,COMPLETE
443,0.005326225895051883,2026-06-10 23:43:11.867392,2026-06-10 23:43:13.865010,0 days 00:00:01.997618,0.1770550485846402,0.03867493446579176,0.35927273284850075,0.18425737346519927,COMPLETE
444,0.02816169202514739,2026-06-10 23:43:13.868963,2026-06-10 23:43:15.588168,0 days 00:00:01.719205,0.02816169202514739,0.0,0.0,0.0,COMPLETE
445,0.04134205884405479,2026-06-10 23:43:15.589355,2026-06-10 23:43:18.111535,0 days 00:00:02.522180,0.5724136296113587,0.0,0.22557063987048104,0.5104849388357755,COMPLETE
446,0.0,2026-06-10 23:43:18.112729,2026-06-10 23:43:19.513482,0 days 00:00:01.400753,0.0,0.0,0.0,0.0,COMPLETE
447,0.023803771368354914,2026-06-10 23:43:19.514659,2026-06-10 23:43:22.300220,0 days 00:00:02.785561,0.16976212824605288,0.06561975966672563,0.37724351262627426,0.18543336685041428,COMPLETE
448,0.0547477538691677,2026-06-10 23:43:22.302186,2026-06-10 23:43:24.143708,0 days 00:00:01.841522,0.08123256223564795,0.1469114874507167,0.38647628395403705,0.06492965818061867,COMPLETE
449,0.0002073243058643828,2026-06-10 23:43:24.144932,2026-06-10 23:43:26.599341,0 days 00:00:02.454409,0.3695765884968216,0.02088934678427044,0.31025928698776034,0.3480144678852703,COMPLETE
450,0.0022726903846280937,2026-06-10 23:43:26.601557,2026-06-10 23:43:28.826750,0 days 00:00:02.225193,0.53621528495146,0.0,0.43139457140547116,0.5443626860499556,COMPLETE
451,0.13639624743324452,2026-06-10 23:43:28.827878,2026-06-10 23:43:31.508832,0 days 00:00:02.680954,0.16665621263690697,0.164163163894413,0.17502075273722695,0.0,COMPLETE
452,0.0002515561903209648,2026-06-10 23:43:31.509959,2026-06-10 23:43:33.663359,0 days 00:00:02.153400,0.3997525530887972,0.017125180867555302,0.40544914785291375,0.4112935186431528,COMPLETE
453,0.0,2026-06-10 23:43:33.664568,2026-06-10 23:43:35.675307,0 days 00:00:02.010739,0.0,0.0,0.0,0.0,COMPLETE
454,9.183910372592757e-05,2026-06-10 23:43:35.676448,2026-06-10 23:43:37.981887,0 days 00:00:02.305439,0.3053763045835087,0.05152754925725519,0.3861440812379551,0.29875772436827963,COMPLETE
455,0.03429817361469649,2026-06-10 23:43:37.983149,2026-06-10 23:43:40.493859,0 days 00:00:02.510710,0.20316818852116816,0.0,0.35186910503173496,0.18497970109159584,COMPLETE
456,0.25518536071512293,2026-06-10 23:43:40.495436,2026-06-10 23:43:43.095575,0 days 00:00:02.600139,0.4190519420865084,0.0,0.566724728090942,0.13275216298182677,COMPLETE
457,0.2527633203021103,2026-06-10 23:43:43.096858,2026-06-10 23:43:45.033418,0 days 00:00:01.936560,0.6834515055033037,0.24063825754266846,0.2499636398150571,0.4886796376455913,COMPLETE
458,0.19334662864397995,2026-06-10 23:43:45.035609,2026-06-10 23:43:47.613398,0 days 00:00:02.577789,0.10734660611740834,0.0,0.27421854344527946,0.37737993864549785,COMPLETE
459,0.05712057156832327,2026-06-10 23:43:47.614559,2026-06-10 23:43:49.450871,0 days 00:00:01.836312,0.13365288845054105,0.02789802310881504,0.3040527744792311,0.15415462440408184,COMPLETE
460,0.01352927380900016,2026-06-10 23:43:49.452399,2026-06-10 23:43:51.136612,0 days 00:00:01.684213,0.5248553270284514,0.0,0.26376029192797756,0.4542685302750519,COMPLETE
461,0.3108129704813104,2026-06-10 23:43:51.137756,2026-06-10 23:43:52.990801,0 days 00:00:01.853045,0.2681910639130079,0.0,0.705266942859413,0.16477682162165247,COMPLETE
462,0.32176347743217243,2026-06-10 23:43:52.991975,2026-06-10 23:43:54.646790,0 days 00:00:01.654815,0.0,0.0,0.1572334706780334,0.33358290173271393,COMPLETE
463,0.36669769288268617,2026-06-10 23:43:54.647959,2026-06-10 23:43:57.104630,0 days 00:00:02.456671,0.7160975709108462,0.0,0.0,0.29271213765991094,COMPLETE
464,3.689859702082484e-05,2026-06-10 23:43:57.110415,2026-06-10 23:43:59.016189,0 days 00:00:01.905774,0.30637596311679716,0.03659302813266864,0.4209249673535625,0.31295921151039163,COMPLETE
465,0.00020202020202020202,2026-06-10 23:43:59.019380,2026-06-10 23:44:00.645770,0 days 00:00:01.626390,0.0,0.9999999999999999,0.0,0.0,COMPLETE
466,0.014838380325390128,2026-06-10 23:44:00.647423,2026-06-10 23:44:02.309756,0 days 00:00:01.662333,0.043579550838398214,0.12747374830496375,0.24938364101422048,0.049693615129944246,COMPLETE
467,0.008376351675235429,2026-06-10 23:44:02.311396,2026-06-10 23:44:04.385498,0 days 00:00:02.074102,0.5933136507447248,0.0,0.36027227034620857,0.5699640129187334,COMPLETE
468,0.006511364553456991,2026-06-10 23:44:04.386697,2026-06-10 23:44:06.484710,0 days 00:00:02.098013,0.4700734757479642,0.0,0.27872565373202596,0.451384474626299,COMPLETE
469,5.3624622561436844e-05,2026-06-10 23:44:06.486302,2026-06-10 23:44:08.584633,0 days 00:00:02.098331,0.36458339926846195,0.010576237767856938,0.40571400298044447,0.3779981723356186,COMPLETE
470,0.00016063987685688424,2026-06-10 23:44:08.585697,2026-06-10 23:44:10.871373,0 days 00:00:02.285676,0.3172224003270403,0.04380586389964115,0.40484489667481033,0.3104231101639678,COMPLETE
471,0.00020202020202020202,2026-06-10 23:44:10.872652,2026-06-10 23:44:13.365291,0 days 00:00:02.492639,0.0,0.9999999999999999,0.0,0.0,COMPLETE
472,0.03878615288486989,2026-06-10 23:44:13.366422,2026-06-10 23:44:15.724979,0 days 00:00:02.358557,0.6493091026905073,0.0,0.45440304457797775,0.7077584423183373,COMPLETE
473,0.00011560052294082774,2026-06-10 23:44:15.726408,2026-06-10 23:44:17.451311,0 days 00:00:01.724903,0.34619828419686866,0.030810633939713235,0.317613409828261,0.3199387337572336,COMPLETE
474,0.0001626160267818535,2026-06-10 23:44:17.452414,2026-06-10 23:44:19.387854,0 days 00:00:01.935440,0.30441162125332044,0.04489382113200138,0.3899416523922234,0.2990921526383934,COMPLETE
475,0.0,2026-06-10 23:44:19.389389,2026-06-10 23:44:21.259330,0 days 00:00:01.869941,0.0,0.0,0.0,0.0,COMPLETE
476,0.003782920298920151,2026-06-10 23:44:21.260593,2026-06-10 23:44:23.316391,0 days 00:00:02.055798,0.36289777248326527,0.0005853496166120847,0.29476738338198677,0.3464656460666118,COMPLETE
477,0.0001589269831260831,2026-06-10 23:44:23.318983,2026-06-10 23:44:25.706730,0 days 00:00:02.387747,0.30738888098726347,0.044812217470583386,0.39445583889924646,0.30308345242746215,COMPLETE
478,0.00015343717599490954,2026-06-10 23:44:25.708364,2026-06-10 23:44:27.698439,0 days 00:00:01.990075,0.36060463712994884,0.033793625076642,0.3181798359787077,0.3269860303219399,COMPLETE
479,9.629297972377943e-05,2026-06-10 23:44:27.699568,2026-06-10 23:44:29.786600,0 days 00:00:02.087032,0.36048436460856187,0.033460425737502714,0.31808470395136135,0.3277626324846768,COMPLETE
480,0.0001676763451762236,2026-06-10 23:44:29.787769,2026-06-10 23:44:31.556394,0 days 00:00:01.768625,0.3160108194638779,0.04876071261040245,0.40462560967748984,0.30734431247688354,COMPLETE
481,0.00022781028293116347,2026-06-10 23:44:31.557605,2026-06-10 23:44:33.908466,0 days 00:00:02.350861,0.36423142009559634,0.031261683383565546,0.3131627478305157,0.334484548273024,COMPLETE
482,0.0,2026-06-10 23:44:33.909584,2026-06-10 23:44:35.845193,0 days 00:00:01.935609,0.0,0.0,0.0,0.0,COMPLETE
483,0.00019227681083989313,2026-06-10 23:44:35.846362,2026-06-10 23:44:38.611227,0 days 00:00:02.764865,0.3160016716691221,0.048863881044053814,0.40204234515927745,0.30724392769213477,COMPLETE
484,0.0002248813981843698,2026-06-10 23:44:38.612642,2026-06-10 23:44:40.628447,0 days 00:00:02.015805,0.3458837390035318,0.037027830585250825,0.32652984286724485,0.3164971517563445,COMPLETE
485,0.03447281608606933,2026-06-10 23:44:40.629639,2026-06-10 23:44:42.174360,0 days 00:00:01.544721,0.20019974203281518,0.0,0.3312752007654712,0.2509181652591018,COMPLETE
486,0.00036644200135318766,2026-06-10 23:44:42.176603,2026-06-10 23:44:44.070500,0 days 00:00:01.893897,0.29795129825289596,0.04145780355390832,0.4239631839189736,0.3095730663999206,COMPLETE
487,0.009970748112415792,2026-06-10 23:44:44.071674,2026-06-10 23:44:45.818759,0 days 00:00:01.747085,0.06555662420609587,0.1499470013469816,0.28277895309362183,0.04885308118033223,COMPLETE
488,0.010168538840877572,2026-06-10 23:44:45.820001,2026-06-10 23:44:47.411810,0 days 00:00:01.591809,0.8089461962733284,0.0,0.48364401605574914,0.8084188200703378,COMPLETE
489,0.00018899258566226645,2026-06-10 23:44:47.414353,2026-06-10 23:44:49.362049,0 days 00:00:01.947696,0.3570548034191339,0.03444941317208856,0.32255667423636347,0.3246062420593841,COMPLETE
490,0.00020202020202020202,2026-06-10 23:44:49.365234,2026-06-10 23:44:51.392977,0 days 00:00:02.027743,0.0,0.9999999999999999,0.0,0.0,COMPLETE
491,0.000189048831519738,2026-06-10 23:44:51.395860,2026-06-10 23:44:53.201898,0 days 00:00:01.806038,0.31576859796535106,0.049483827612471776,0.40134207831617746,0.30677258106975186,COMPLETE
492,0.0001373187153162574,2026-06-10 23:44:53.203029,2026-06-10 23:44:55.387025,0 days 00:00:02.183996,0.306753413493683,0.045806486668009815,0.39440967756801976,0.30361967761065206,COMPLETE
493,0.004447987871105222,2026-06-10 23:44:55.388192,2026-06-10 23:44:57.654837,0 days 00:00:02.266645,0.510503678775468,0.0,0.29590500964836103,0.47884853569055963,COMPLETE
494,0.00020202020202020202,2026-06-10 23:44:57.656027,2026-06-10 23:44:59.652404,0 days 00:00:01.996377,0.0,0.9999999999999999,0.0,0.0,COMPLETE
495,0.00012341035028532338,2026-06-10 23:44:59.653569,2026-06-10 23:45:01.994629,0 days 00:00:02.341060,0.30804431404495525,0.047653472640803204,0.3945136649731605,0.3035376992150367,COMPLETE
496,0.001675941823363367,2026-06-10 23:45:01.995846,2026-06-10 23:45:04.041266,0 days 00:00:02.045420,0.9999999999999999,0.0,0.5032990957430652,0.9999999999999999,COMPLETE
497,0.00017626057307302637,2026-06-10 23:45:04.043521,2026-06-10 23:45:06.645434,0 days 00:00:02.601913,0.3657922587067185,0.031275282910847156,0.31379238482349653,0.3382159954173522,COMPLETE
498,0.3282019131194207,2026-06-10 23:45:06.647667,2026-06-10 23:45:09.341127,0 days 00:00:02.693460,0.7483887393084295,0.0,0.2002917515830751,0.9999999999999999,COMPLETE
499,0.007028472301657883,2026-06-10 23:45:09.342515,2026-06-10 23:45:11.406914,0 days 00:00:02.064399,0.6737609727661992,0.0,0.43184764494710226,0.6633343540453778,COMPLETE
